City_ID,City,Country,Date,Lat,Lng,Max Temp,Humidity,Cloudiness,Wind Speed
0,Port Elizabeth,ZA,2022-08-30 20:05:35,-33.918,25.5701,51.31,78,8,1.01
1,Atuona,PF,2022-08-30 20:03:29,-9.8,-139.0333,77.14,65,6,22.48
2,Kindu,CD,2022-08-30 20:05:35,-2.95,25.95,67.64,98,73,1.19
3,Hanna,CA,2022-08-30 20:05:36,51.6334,-111.9018,86.86,27,0,1.01
4,Albany,US,2022-08-30 20:05:36,42.6001,-73.9662,86.59,44,100,10.58
5,Samarai,PG,2022-08-30 20:05:36,-10.6167,150.6667,79.47,86,46,13.09
6,Hobart,AU,2022-08-30 20:05:36,-42.8794,147.3294,52.05,76,40,13.8
7,Talnakh,RU,2022-08-30 20:05:37,69.4865,88.3972,40.23,89,100,3.71
8,Broome,US,2022-08-30 20:05:37,42.2506,-75.833,78.69,89,100,5.01
9,Hithadhoo,MV,2022-08-30 20:05:37,-0.6,73.0833,81.23,72,100,14.9
10,Mitsamiouli,KM,2022-08-30 20:05:38,-11.3847,43.2844,75.79,76,0,6.17
11,Severo-Kurilsk,RU,2022-08-30 20:05:38,50.6789,156.125,54.23,84,0,10.78
12,Rodrigues Alves,BR,2022-08-30 20:05:38,-7.738,-72.6509,92.5,30,45,3.18
13,Sistranda,NO,2022-08-30 20:05:39,63.7256,8.834,49.96,75,53,17.22
14,Ponta Do Sol,PT,2022-08-30 20:05:39,32.6667,-17.1,73.0,66,2,7.07
15,Saint-Philippe,RE,2022-08-30 20:05:39,-21.3585,55.7679,71.19,81,33,8.16
16,Marsh Harbour,BS,2022-08-30 20:05:37,26.5412,-77.0636,85.53,68,5,13.0
17,Cape Town,ZA,2022-08-30 20:05:39,-33.9258,18.4232,57.9,51,0,11.01
18,Port Alfred,ZA,2022-08-30 20:05:40,-33.5906,26.891,55.18,62,5,5.37
19,Bengkulu,ID,2022-08-30 20:05:40,-3.8004,102.2655,75.2,91,82,3.65
20,Provideniya,RU,2022-08-30 20:05:40,64.3833,-173.3,48.43,98,100,12.01
21,Ust-Nera,RU,2022-08-30 20:05:41,64.5667,143.2,48.0,66,81,2.51
22,Ushuaia,AR,2022-08-30 20:05:41,-54.8,-68.3,49.66,53,20,4.61
23,Yilan,TW,2022-08-30 20:05:41,24.757,121.753,82.02,99,45,3.42
24,Ikornnes,NO,2022-08-30 20:05:42,62.3873,6.557,58.75,85,3,4.72
25,Lebu,CL,2022-08-30 20:05:42,-37.6167,-73.65,53.6,83,100,4.25
26,Tuktoyaktuk,CA,2022-08-30 20:05:42,69.4541,-133.0374,49.1,79,20,4.18
27,Busselton,AU,2022-08-30 20:03:24,-33.65,115.3333,50.04,81,30,8.66
28,Barrow,US,2022-08-30 20:05:43,71.2906,-156.7887,39.22,87,100,5.75
29,Hilo,US,2022-08-30 20:05:43,19.7297,-155.09,85.28,73,75,1.99
30,Yellowknife,CA,2022-08-30 20:05:43,62.456,-114.3525,59.16,58,100,17.16
31,Honningsvag,NO,2022-08-30 20:05:44,70.9821,25.9704,46.15,87,100,8.05
32,East London,ZA,2022-08-30 20:05:44,-33.0153,27.9116,56.1,56,6,10.16
33,Victoria,HK,2022-08-30 20:00:54,22.2855,114.1577,85.32,87,12,8.99
34,Dikson,RU,2022-08-30 20:03:23,73.5069,80.5464,40.59,96,100,15.01
35,Mjolby,SE,2022-08-30 20:05:44,58.326,15.1237,55.11,70,100,4.76
36,Rikitea,PF,2022-08-30 20:05:45,-23.1203,-134.9692,73.81,80,8,10.67
37,Vaini,TO,2022-08-30 20:05:45,-21.2,-175.2,69.96,94,75,11.5
38,Ukiah,US,2022-08-30 20:05:45,39.1502,-123.2078,98.44,28,0,11.5
39,Grand-Santi,GF,2022-08-30 20:05:46,4.25,-54.3833,80.38,84,100,1.97
40,Songjianghe,CN,2022-08-30 20:05:46,42.1859,127.479,47.14,96,0,2.59
41,Saint George,US,2022-08-30 20:04:43,37.1041,-113.5841,104.43,17,0,3.44
42,Souillac,MU,2022-08-30 20:05:47,-20.5167,57.5167,68.92,79,4,10.47
43,Kapaa,US,2022-08-30 20:01:54,22.0752,-159.319,83.1,75,49,4.0
44,Mende,FR,2022-08-30 20:05:47,44.6667,3.5,54.03,94,22,4.25
45,Maragogi,BR,2022-08-30 20:05:47,-9.0122,-35.2225,74.77,74,22,14.88
46,Terracina,IT,2022-08-30 20:06:48,41.2863,13.2217,78.35,91,0,1.99
47,Arraial Do Cabo,BR,2022-08-30 20:06:48,-22.9661,-42.0278,66.06,55,40,6.91
48,Okmulgee,US,2022-08-30 20:06:48,35.6234,-95.9605,94.84,49,40,8.05
49,Mar Del Plata,AR,2022-08-30 20:01:53,-38.0023,-57.5575,62.87,58,0,15.01
50,Lovozero,RU,2022-08-30 20:06:49,68.005,35.0117,37.69,87,88,4.9
51,Hoi An,VN,2022-08-30 20:06:49,15.8794,108.335,78.76,90,81,5.77
52,New Norfolk,AU,2022-08-30 20:06:49,-42.7826,147.0587,51.71,80,100,4.0
53,Muros,ES,2022-08-30 20:06:49,42.7762,-9.0603,67.68,88,0,1.48
54,Torbay,CA,2022-08-30 20:03:20,47.6666,-52.7314,75.76,70,59,6.35
55,The Valley,AI,2022-08-30 20:06:50,18.217,-63.0578,87.66,72,14,13.18
56,Los Llanos De Aridane,ES,2022-08-30 20:04:38,28.6585,-17.9182,71.35,88,75,16.11
57,Tasiilaq,GL,2022-08-30 20:06:50,65.6145,-37.6368,42.96,98,100,17.02
58,Bilgi,IN,2022-08-30 20:06:50,16.35,75.6167,79.93,73,94,4.23
59,Mahebourg,MU,2022-08-30 20:06:51,-20.4081,57.7,66.25,76,7,11.41
60,Punta Arenas,CL,2022-08-30 20:02:40,-53.15,-70.9167,44.26,82,93,12.06
61,Padang,ID,2022-08-30 20:06:51,-0.9492,100.3543,76.12,87,97,2.57
62,Mikhaylovka,RU,2022-08-30 20:06:52,50.06,43.2379,77.7,36,83,1.7
63,Taoudenni,ML,2022-08-30 20:06:52,22.6783,-3.9836,100.76,23,0,3.83
64,Mataura,NZ,2022-08-30 20:06:52,-46.1927,168.8643,43.48,91,15,3.47
65,Codrington,AU,2022-08-30 20:06:52,-38.2667,141.9667,45.14,92,76,8.81
66,Booue,GA,2022-08-30 20:06:53,-0.0921,11.9385,79.59,68,72,1.5
67,Te Anau,NZ,2022-08-30 20:06:53,-45.4167,167.7167,41.83,90,99,3.06
68,Saurimo,AO,2022-08-30 20:06:53,-9.6608,20.3916,71.17,55,21,4.16
69,Tessalit,ML,2022-08-30 20:02:13,20.1986,1.0114,98.51,12,35,17.76
70,Hermanus,ZA,2022-08-30 20:06:54,-34.4187,19.2345,54.81,65,0,27.78
71,Bredasdorp,ZA,2022-08-30 20:06:54,-34.5322,20.0403,53.22,67,0,18.48
72,Linxia,CN,2022-08-30 20:06:55,35.6003,103.2064,56.07,63,95,2.33
73,Comodoro Rivadavia,AR,2022-08-30 20:06:55,-45.8667,-67.5,60.66,39,0,10.36
74,Constitucion,CL,2022-08-30 20:06:55,-35.3333,-72.4167,56.14,73,92,5.97
75,Ahuimanu,US,2022-08-30 20:06:55,21.4447,-157.8378,84.78,65,40,5.01
76,Kaitangata,NZ,2022-08-30 20:06:56,-46.2817,169.8464,42.55,82,73,4.03
77,Celestun,MX,2022-08-30 20:06:56,20.8667,-90.4,85.77,68,98,15.61
78,Jamestown,US,2022-08-30 20:05:59,42.097,-79.2353,72.95,72,100,8.05
79,Poya,NC,2022-08-30 20:06:57,-21.35,165.15,67.24,77,14,5.86
80,La Estancia,MX,2022-08-30 20:06:57,20.4167,-100.0667,76.42,49,100,4.76
81,Wanxian,CN,2022-08-30 20:06:57,30.8039,108.3897,69.94,96,100,3.24
82,Iqaluit,CA,2022-08-30 20:06:58,63.7506,-68.5145,49.73,61,20,8.05
83,Chokurdakh,RU,2022-08-30 20:06:58,70.6333,147.9167,31.6,87,19,7.49
84,Carnarvon,AU,2022-08-30 20:06:58,-24.8667,113.6333,63.82,61,33,15.5
85,Avarua,CK,2022-08-30 20:06:58,-21.2078,-159.775,75.25,83,29,5.75
86,Lata,PT,2022-08-30 20:06:59,40.1629,-8.3327,59.22,78,0,3.51
87,Bluff,NZ,2022-08-30 20:06:59,-46.6,168.3333,43.81,80,30,14.05
88,Zhanaozen,KZ,2022-08-30 20:06:59,43.3,52.8,81.79,17,0,5.77
89,Businga,CD,2022-08-30 20:07:00,3.3333,20.8833,70.34,98,98,1.25
90,Beringovskiy,RU,2022-08-30 20:07:00,63.05,179.3167,51.03,90,100,4.32
91,Kletskaya,RU,2022-08-30 20:07:00,49.3145,43.0584,75.61,29,100,4.92
92,Port Macquarie,AU,2022-08-30 20:06:45,-31.4333,152.9167,53.89,100,10,0.0
93,Saskylakh,RU,2022-08-30 20:08:01,71.9167,114.0833,40.66,88,100,5.08
94,Opuwo,NA,2022-08-30 20:08:01,-18.0607,13.84,68.67,37,56,7.25
95,Ambulu,ID,2022-08-30 20:08:02,-8.345,113.6058,74.16,93,44,1.28
96,Whitefish,US,2022-08-30 20:03:33,48.4111,-114.3376,84.0,32,0,5.75
97,Leningradskiy,RU,2022-08-30 20:08:02,69.3833,178.4167,34.56,96,100,10.42
98,Bilibino,RU,2022-08-30 20:08:02,68.0546,166.4372,34.39,88,100,9.82
99,Memaliaj,AL,2022-08-30 20:08:03,40.3517,19.9803,70.02,79,85,4.0
100,Sao Jose Da Coroa Grande,BR,2022-08-30 20:08:03,-8.8978,-35.1478,75.29,73,20,15.75
101,Itoman,JP,2022-08-30 20:08:03,26.1247,127.6694,84.58,82,20,17.27
102,Lorengau,PG,2022-08-30 20:08:03,-2.0226,147.2712,81.21,78,34,7.47
103,Pangnirtung,CA,2022-08-30 20:08:04,66.1451,-65.7125,47.17,48,0,3.6
104,Norman Wells,CA,2022-08-30 20:03:28,65.282,-126.8329,59.9,74,100,3.67
105,Arrecife,ES,2022-08-30 20:06:39,28.963,-13.5477,78.78,73,0,17.27
106,Butaritari,KI,2022-08-30 20:08:04,3.0707,172.7902,81.64,75,13,19.04
107,Olinda,BR,2022-08-30 20:08:04,-8.0089,-34.8553,78.53,69,40,19.57
108,Ostrovnoy,RU,2022-08-30 20:08:05,68.0531,39.5131,45.36,76,99,10.51
109,Atar,MR,2022-08-30 20:08:05,20.5169,-13.0499,83.39,59,100,2.53
110,Waipawa,NZ,2022-08-30 20:08:05,-41.4122,175.5153,39.67,82,2,6.71
111,Turbat,PK,2022-08-30 20:08:06,26.0023,63.044,83.12,64,31,6.06
112,Chikwawa,MW,2022-08-30 20:08:06,-16.0335,34.8009,75.7,55,0,12.17
113,Vao,NC,2022-08-30 20:08:06,-22.6667,167.4833,69.82,67,16,20.96
114,Port-Gentil,GA,2022-08-30 20:08:07,-0.7193,8.7815,78.76,83,75,12.66
115,Saint-Georges,GD,2022-08-30 20:08:07,12.0564,-61.7485,84.15,69,100,11.68
116,Porto Belo,BR,2022-08-30 20:08:07,-27.1578,-48.5531,64.35,61,19,6.98
117,Sovetsk,RU,2022-08-30 20:08:08,55.0839,21.8785,55.51,70,1,8.52
118,Shitanjing,CN,2022-08-30 20:08:08,39.2342,106.3439,63.5,34,96,1.92
119,Iquique,CL,2022-08-30 20:08:08,-20.2208,-70.1431,63.5,70,23,6.04
120,Puerto Ayora,EC,2022-08-30 20:08:08,-0.7393,-90.3518,75.16,85,57,5.99
121,Zacatepec,MX,2022-08-30 20:08:09,18.65,-99.2,87.66,57,54,2.19
122,Lasa,IT,2022-08-30 20:08:09,46.6166,10.7002,62.46,89,78,1.14
123,Vila,PT,2022-08-30 20:08:09,42.0304,-8.1588,56.28,84,0,3.09
124,Nebbi,UG,2022-08-30 20:08:10,2.4783,31.0889,66.34,92,98,5.03
125,Lavrentiya,RU,2022-08-30 20:08:10,65.5833,-171.0,43.99,99,100,10.98
126,Szigetvar,HU,2022-08-30 20:08:10,46.0486,17.8055,72.55,59,90,6.38
127,Bambous Virieux,MU,2022-08-30 20:08:11,-20.3428,57.7575,66.22,75,13,11.39
128,Conceicao Do Araguaia,BR,2022-08-30 20:08:11,-8.2578,-49.2647,99.68,14,5,5.1
129,Touros,BR,2022-08-30 20:08:11,-5.1989,-35.4608,78.44,74,100,20.56
130,Almaznyy,RU,2022-08-30 20:08:11,48.0448,40.045,75.16,29,21,3.49
131,Luderitz,NA,2022-08-30 20:08:12,-26.6481,15.1594,63.46,45,1,5.37
132,Belmonte,BR,2022-08-30 20:08:12,-15.8631,-38.8828,70.65,68,100,18.59
133,Linfen,CN,2022-08-30 20:08:13,36.0889,111.5189,66.81,76,0,3.65
134,Naze,JP,2022-08-30 20:08:13,28.3667,129.4833,81.77,83,100,17.78
135,Nivala,FI,2022-08-30 20:08:13,63.9167,24.9667,45.68,67,100,6.17
136,Bubaque,GW,2022-08-30 20:08:14,11.2833,-15.8333,79.52,81,100,22.57
137,Sitka,US,2022-08-30 20:09:14,57.0531,-135.33,57.09,88,75,3.44
138,Kachhwa,IN,2022-08-30 20:09:14,25.2167,82.7167,82.94,72,86,5.19
139,Hobyo,SO,2022-08-30 20:09:15,5.3505,48.5268,76.1,83,5,26.64
140,Bachaquero,VE,2022-08-30 20:09:15,9.9694,-71.1494,85.12,74,33,6.11
141,Cherskiy,RU,2022-08-30 20:09:15,68.75,161.3,37.31,84,25,14.45
142,Pala,TD,2022-08-30 20:09:16,9.3642,14.9046,73.29,92,100,3.2
143,Ribeira Grande,PT,2022-08-30 20:09:16,38.5167,-28.7,77.4,78,75,3.44
144,Cochrane,CA,2022-08-30 20:04:24,51.1834,-114.4687,86.63,31,6,8.5
145,Castro,BR,2022-08-30 20:09:16,-24.7911,-50.0119,54.14,71,18,9.86
146,Itarema,BR,2022-08-30 20:04:37,-2.9248,-39.9167,81.05,65,98,16.35
147,Beyla,GN,2022-08-30 20:09:17,8.6833,-8.6333,69.26,95,99,0.31
148,Vila Do Maio,CV,2022-08-30 20:09:17,15.1333,-23.2167,81.39,74,100,10.94
149,Hasaki,JP,2022-08-30 20:09:17,35.7333,140.8333,72.28,96,100,4.61
150,Kamina,CD,2022-08-30 20:09:18,-8.7386,24.9906,68.45,63,27,3.0
151,Kaabong,UG,2022-08-30 20:09:18,3.4836,34.1492,68.88,62,86,4.36
152,Nishihara,JP,2022-08-30 20:09:18,26.1842,127.7558,83.86,84,40,17.27
153,Broken Hill,AU,2022-08-30 20:09:19,-31.95,141.4333,42.33,76,0,8.99
154,Alyangula,AU,2022-08-30 20:09:19,-13.8483,136.4192,75.13,82,20,8.34
155,Rusape,ZW,2022-08-30 20:09:19,-18.5278,32.1284,54.86,82,12,11.21
156,Dong Xoai,VN,2022-08-30 20:09:20,11.5333,106.9167,74.5,96,99,2.62
157,Kiama,AU,2022-08-30 20:09:20,-34.6833,150.8667,55.0,79,3,3.0
158,Cabo San Lucas,MX,2022-08-30 20:08:06,22.8909,-109.9124,95.61,66,75,8.05
159,Mogadishu,SO,2022-08-30 20:05:22,2.0371,45.3438,75.79,85,6,19.08
160,Yabelo,ET,2022-08-30 20:09:20,4.8833,38.0833,65.26,53,77,8.84
161,Saldanha,ZA,2022-08-30 20:09:21,-33.0117,17.9442,58.15,47,0,19.53
162,Ormara,PK,2022-08-30 20:09:21,25.2088,64.6357,79.7,81,16,10.2
163,Katsuura,JP,2022-08-30 20:06:38,35.1333,140.3,75.22,92,93,6.69
164,Yamada,JP,2022-08-30 20:09:21,39.4667,141.95,67.84,96,100,1.72
165,Zhigansk,RU,2022-08-30 20:09:22,66.7697,123.3711,43.7,90,84,6.69
166,Santo Amaro Da Imperatriz,BR,2022-08-30 20:09:22,-27.6881,-48.7786,63.64,74,99,2.89
167,Queenstown,ZA,2022-08-30 20:09:22,-31.8976,26.8753,38.84,74,3,5.57
168,Lensk,RU,2022-08-30 20:09:23,60.7253,114.9278,38.48,93,100,13.89
169,Dali,CN,2022-08-30 20:09:23,25.7,100.1833,63.88,94,100,3.53
170,Shache,CN,2022-08-30 20:09:23,38.4167,77.2406,71.71,44,42,2.37
171,Riva,US,2022-08-30 20:09:24,38.9521,-76.578,95.14,61,0,17.27
172,Holt,US,2022-08-30 20:09:24,42.6406,-84.5153,77.43,56,40,18.41
173,Harper,LR,2022-08-30 20:09:20,4.375,-7.7169,76.12,84,49,10.33
174,Finnsnes,NO,2022-08-30 20:09:24,69.2296,17.9811,47.75,90,100,7.16
175,Poum,NC,2022-08-30 20:09:25,-20.2333,164.0167,72.46,66,36,14.83
176,Rawson,AR,2022-08-30 20:08:38,-43.3002,-65.1023,61.68,26,100,7.85
177,Georgetown,MY,2022-08-30 20:05:29,5.4112,100.3354,78.89,90,20,3.44
178,Piquete,BR,2022-08-30 20:09:25,-22.6136,-45.1761,69.08,51,100,5.41
179,Geraldton,AU,2022-08-30 20:06:53,-28.7667,114.6,43.21,87,0,8.05
180,Faya,SA,2022-08-30 20:09:25,18.3851,42.4509,72.12,26,16,9.86
181,Wanning,CN,2022-08-30 20:08:08,18.8003,110.3967,79.0,85,16,3.71
182,Grajau,BR,2022-08-30 20:09:26,-5.8194,-46.1386,97.39,19,86,6.55
183,Iskilip,TR,2022-08-30 20:09:26,40.7353,34.4739,74.37,62,0,7.52
184,Voznesenskoye,RU,2022-08-30 20:10:26,54.89,42.7569,66.36,62,1,5.21
185,Saint-Augustin,CA,2022-08-30 20:10:27,51.226,-58.6502,68.09,89,98,14.36
186,Nerja,ES,2022-08-30 20:10:27,36.7585,-3.8873,88.72,61,100,4.83
187,Caravelas,BR,2022-08-30 20:10:28,-17.7125,-39.2481,67.35,72,99,13.06
188,Esperance,AU,2022-08-30 20:10:28,-33.8667,121.9,47.03,73,5,6.2
189,Trelew,AR,2022-08-30 20:10:28,-43.249,-65.3051,68.5,15,100,6.85
190,Chuy,UY,2022-08-30 20:10:29,-33.6971,-53.4616,55.54,73,0,10.09
191,Benjamin Hill,MX,2022-08-30 20:10:29,30.1667,-111.1,92.21,47,5,6.26
192,La Ronge,CA,2022-08-30 20:10:29,55.1001,-105.2842,72.55,49,81,0.38
193,Zaterechnyy,RU,2022-08-30 20:10:30,44.7931,45.2097,78.06,30,0,9.13
194,Sicamous,CA,2022-08-30 20:10:30,50.8331,-118.9856,89.19,33,97,3.87
195,Chicama,PE,2022-08-30 20:10:30,-7.8447,-79.1469,63.14,62,26,10.02
196,Petropavlovsk-Kamchatskiy,RU,2022-08-30 20:10:30,53.0452,158.6483,52.39,82,20,4.47
197,Houston,US,2022-08-30 20:09:17,29.7633,-95.3633,91.94,63,0,10.36
198,Farmington,US,2022-08-30 20:10:31,36.7281,-108.2187,93.15,19,0,0.0
199,Ancud,CL,2022-08-30 20:10:31,-41.8697,-73.8203,51.22,79,100,5.46
200,Portland,US,2022-08-30 20:05:49,45.5234,-122.6762,97.63,35,20,10.36
201,Zenzeli,RU,2022-08-30 20:10:32,45.9241,47.0474,78.1,48,0,13.2
202,High Level,CA,2022-08-30 20:09:04,58.5169,-117.136,77.14,41,99,9.17
203,Alegrete,BR,2022-08-30 20:10:26,-29.7831,-55.7919,65.3,64,0,10.51
204,Nuuk,GL,2022-08-30 20:10:32,64.1835,-51.7216,39.81,93,75,23.0
205,Oussouye,SN,2022-08-30 20:10:32,12.485,-16.5469,77.61,87,100,14.38
206,Ganzhou,CN,2022-08-30 20:10:33,28.8184,115.4327,71.4,89,84,4.74
207,Qaanaaq,GL,2022-08-30 20:10:33,77.484,-69.3632,33.53,65,0,1.61
208,Nakusp,CA,2022-08-30 20:10:33,50.2499,-117.8023,89.94,30,82,2.28
209,Khatanga,RU,2022-08-30 20:10:34,71.9667,102.5,38.93,90,100,6.62
210,Riyadh,SA,2022-08-30 20:09:20,24.6877,46.7219,91.54,15,1,10.38
211,Laguna De Perlas,NI,2022-08-30 20:10:34,12.3429,-83.6712,83.3,74,83,4.9
212,Kruisfontein,ZA,2022-08-30 20:10:34,-34.0033,24.7314,47.88,73,22,3.36
213,Nikolskoye,RU,2022-08-30 20:10:35,59.7035,30.7861,53.87,95,100,14.32
214,Warmbad,NA,2022-08-30 20:10:35,-28.45,18.7333,63.5,18,0,15.52
215,Methoni,GR,2022-08-30 20:10:35,36.8197,21.7049,79.21,80,0,14.2
216,Pevek,RU,2022-08-30 20:10:36,69.7008,170.3133,33.57,90,70,17.87
217,Longyearbyen,SJ,2022-08-30 20:10:36,78.2186,15.6401,39.04,75,75,5.75
218,Cayenne,GF,2022-08-30 20:10:36,4.9333,-52.3333,84.24,74,20,12.66
219,Santa Rosalia,MX,2022-08-30 20:10:37,27.3167,-112.2833,87.39,58,100,8.23
220,Asau,RO,2022-08-30 20:10:37,46.4333,26.4,67.12,90,100,4.97
221,Brigantine,US,2022-08-30 20:10:37,39.4101,-74.3646,91.2,73,0,10.36
222,Hofn,IS,2022-08-30 20:10:38,64.2539,-15.2082,52.93,99,100,14.76
223,Amahai,ID,2022-08-30 20:08:08,-3.3333,128.9167,75.87,88,100,2.17
224,Fortuna,US,2022-08-30 20:10:38,40.5982,-124.1573,63.52,88,0,12.66
225,Pisco,PE,2022-08-30 20:10:38,-13.7,-76.2167,64.02,77,6,10.36
226,Tiksi,RU,2022-08-30 20:10:39,71.6872,128.8694,41.65,93,100,8.08
227,Perris,US,2022-08-30 20:09:07,33.7825,-117.2287,104.38,27,0,12.66
228,Dong Hoi,VN,2022-08-30 20:10:39,17.4833,106.6,79.34,88,89,4.12
229,Spring Hill,US,2022-08-30 20:11:39,28.4769,-82.5255,92.17,88,0,6.91
230,Akyab,MM,2022-08-30 20:11:40,20.15,92.9,81.9,82,97,3.91
231,Neftcala,AZ,2022-08-30 20:11:40,39.3742,49.2472,79.88,61,0,8.99
232,Asifabad,IN,2022-08-30 20:11:40,19.3667,79.2833,77.79,85,41,2.53
233,Nanortalik,GL,2022-08-30 20:11:41,60.1432,-45.2371,39.9,90,78,14.5
234,Eyl,SO,2022-08-30 20:11:41,7.9803,49.8164,76.59,80,91,20.54
235,Brownsville,US,2022-08-30 20:09:07,25.9018,-97.4975,95.09,57,20,16.11
236,Ilulissat,GL,2022-08-30 20:11:41,69.2167,-51.1,55.42,41,9,13.8
237,Banska Bystrica,SK,2022-08-30 20:11:42,48.5,19.5,63.7,77,16,3.18
238,Lewiston,US,2022-08-30 20:07:41,44.1003,-70.2148,92.32,72,20,10.36
239,Komsomolskiy,UZ,2022-08-30 20:11:42,40.4272,71.7189,74.12,38,5,9.22
240,Xining,CN,2022-08-30 20:11:42,36.6167,101.7667,54.36,70,100,1.99
241,Stepnoye,RU,2022-08-30 20:11:43,51.4,46.8667,75.15,33,92,5.91
242,Taltal,CL,2022-08-30 20:11:43,-25.4,-70.4833,61.38,70,22,6.24
243,Nome,US,2022-08-30 20:07:37,64.5011,-165.4064,48.27,93,100,18.41
244,Lincoln,US,2022-08-30 20:11:40,40.8,-96.667,92.14,45,0,8.05
245,Aykhal,RU,2022-08-30 20:11:43,66.0,111.5,37.71,98,100,8.14
246,Tiarei,PF,2022-08-30 20:11:44,-17.5333,-149.3333,82.42,70,9,14.38
247,Miraflores,MX,2022-08-30 20:11:44,19.2167,-98.8083,72.36,69,96,4.21
248,Arlit,NE,2022-08-30 20:11:44,18.7369,7.3853,98.1,16,5,12.33
249,Praia,CV,2022-08-30 20:11:45,14.9215,-23.5087,81.14,65,75,14.97
250,Batticaloa,LK,2022-08-30 20:11:45,7.7102,81.6924,80.17,80,100,6.08
251,Lerwick,GB,2022-08-30 20:11:45,60.1545,-1.1494,53.6,76,100,13.42
252,Grand Gaube,MU,2022-08-30 20:11:45,-20.0064,57.6608,66.38,77,1,1.99
253,Faanui,PF,2022-08-30 20:11:46,-16.4833,-151.75,78.19,74,29,16.13
254,Swift Current,CA,2022-08-30 20:07:45,50.2834,-107.8014,85.44,25,4,3.09
255,Kavieng,PG,2022-08-30 20:11:46,-2.5744,150.7967,81.27,81,33,12.71
256,Bowen,AU,2022-08-30 20:11:47,-20.0167,148.2333,66.13,88,73,10.94
257,Datong,CN,2022-08-30 20:11:47,40.0936,113.2914,57.79,58,0,7.02
258,Srednekolymsk,RU,2022-08-30 20:11:47,67.45,153.6833,36.86,79,6,5.88
259,Isiro,CD,2022-08-30 20:11:47,2.7739,27.616,66.56,99,100,0.96
260,Chapada Dos Guimaraes,BR,2022-08-30 20:11:48,-15.4606,-55.7497,82.06,19,40,3.96
261,Port Blair,IN,2022-08-30 20:11:48,11.6667,92.75,81.25,83,54,8.57
262,Awash,ET,2022-08-30 20:11:48,8.9833,40.1667,72.41,72,19,5.21
263,Rio Grande,BR,2022-08-30 20:09:01,-32.035,-52.0986,64.51,78,14,11.99
264,Buchanan,LR,2022-08-30 20:11:49,5.8808,-10.0467,75.99,83,11,7.14
265,Sao Joao Da Barra,BR,2022-08-30 20:11:49,-21.6403,-41.0511,68.09,62,71,14.29
266,Coquimbo,CL,2022-08-30 20:11:49,-29.9533,-71.3436,57.92,78,91,6.67
267,Calabozo,VE,2022-08-30 20:11:50,8.9242,-67.4293,80.17,83,100,1.23
268,Manta,EC,2022-08-30 20:11:50,-0.95,-80.7333,83.98,61,75,11.5
269,Cassilandia,BR,2022-08-30 20:11:50,-19.1133,-51.7342,83.73,30,90,8.25
270,Clyde River,CA,2022-08-30 20:11:51,70.4692,-68.5914,43.03,65,75,17.27
271,Dakar,SN,2022-08-30 20:11:51,14.6937,-17.4441,80.73,83,40,18.41
272,Kemijarvi,FI,2022-08-30 20:11:51,66.7131,27.4306,43.21,76,100,3.85
273,Jasper,US,2022-08-30 20:07:11,37.2001,-94.3502,92.68,36,20,10.36
274,Ondjiva,AO,2022-08-30 20:11:52,-17.0667,15.7333,71.38,19,20,4.59
275,Biak,ID,2022-08-30 20:11:52,-0.9131,122.8766,74.57,89,93,6.06
276,Betioky,MG,2022-08-30 20:12:52,-23.7167,44.3833,63.64,80,18,2.95
277,Marawi,PH,2022-08-30 20:12:53,7.9986,124.2928,68.99,94,34,4.72
278,Vrangel,RU,2022-08-30 20:12:53,42.7297,133.0839,60.85,76,100,5.21
279,Murgab,TM,2022-08-30 20:12:53,37.4966,61.9714,78.15,20,0,9.46
280,Murindo,CO,2022-08-30 20:12:53,6.9848,-76.7544,81.99,88,73,5.3
281,Tual,ID,2022-08-30 20:12:54,-5.6667,132.75,79.66,84,7,13.67
282,Thompson,CA,2022-08-30 20:11:48,55.7435,-97.8558,57.36,47,20,13.8
283,Seoul,KR,2022-08-30 20:11:19,37.5683,126.9778,67.44,100,75,1.14
284,Nantucket,US,2022-08-30 20:07:55,41.2835,-70.0995,80.74,88,0,8.05
285,Raga,SS,2022-08-30 20:12:54,8.4596,25.678,70.38,95,23,3.18
286,Aksarka,RU,2022-08-30 20:12:55,66.5606,67.7975,42.13,79,85,9.89
287,Kalamb,IN,2022-08-30 20:12:55,19.05,73.95,75.78,83,89,4.43
288,San Policarpo,PH,2022-08-30 20:12:55,12.1791,125.5072,79.0,86,75,6.6
289,Udachnyy,RU,2022-08-30 20:12:56,66.4167,112.4,40.77,92,100,8.75
290,Bata,GQ,2022-08-30 20:12:56,1.8639,9.7658,76.55,89,89,6.67
291,Bambanglipuro,ID,2022-08-30 20:12:56,-7.95,110.2833,75.47,89,100,3.49
292,Nelson Bay,AU,2022-08-30 20:12:57,-32.7167,152.15,55.0,87,0,8.99
293,Gedo,ET,2022-08-30 20:12:57,9.0167,37.45,49.35,89,70,1.54
294,Kristiinankaupunki,FI,2022-08-30 20:12:57,62.2743,21.376,49.01,77,10,13.69
295,Whyalla,AU,2022-08-30 20:12:58,-33.0333,137.5833,48.43,74,1,7.2
296,Zhicheng,CN,2022-08-30 20:12:58,30.2956,111.5047,68.77,80,100,1.61
297,Prince Rupert,CA,2022-08-30 20:10:12,54.3161,-130.3201,62.69,88,75,3.44
298,Anloga,GH,2022-08-30 20:12:58,5.7947,0.8973,74.34,93,100,12.77
299,Kodinsk,RU,2022-08-30 20:12:59,58.6881,99.1844,41.36,78,100,4.65
300,Dwarka,IN,2022-08-30 20:12:59,22.2394,68.9678,79.74,84,12,6.93
301,Mount Gambier,AU,2022-08-30 20:12:59,-37.8333,140.7667,44.51,93,100,8.05
302,Malanje,AO,2022-08-30 20:12:59,-9.5402,16.341,76.01,48,63,8.66
303,Santa Rosa,PH,2022-08-30 20:13:00,14.3122,121.1114,81.1,91,70,3.0
304,Zyryanka,RU,2022-08-30 20:12:21,65.75,150.85,41.99,70,0,4.29
305,Belyy Yar,RU,2022-08-30 20:13:00,53.6039,91.3903,50.86,87,32,0.0
306,Havoysund,NO,2022-08-30 20:13:01,70.9963,24.6622,46.63,90,100,14.5
307,Neuquen,AR,2022-08-30 20:10:14,-38.9516,-68.0591,70.68,14,99,1.83
308,Puerto Penasco,MX,2022-08-30 20:13:01,31.3167,-113.5333,89.91,78,5,5.77
309,Kommunarka,RU,2022-08-30 20:13:01,55.5695,37.4893,70.66,73,20,8.95
310,Watsa,CD,2022-08-30 20:13:01,3.0372,29.5355,64.47,98,99,1.32
311,Isangel,VU,2022-08-30 20:13:02,-19.55,169.2667,71.67,63,39,12.01
312,Rudbar,AF,2022-08-30 20:13:02,30.15,62.6,82.17,12,3,7.18
313,Nizwa,OM,2022-08-30 20:13:02,22.9333,57.5333,83.05,42,61,2.75
314,Tshikapa,CD,2022-08-30 20:13:03,-6.4167,20.8,77.92,63,66,3.69
315,Bull Savanna,JM,2022-08-30 20:13:03,17.8868,-77.5902,83.71,65,99,14.81
316,Mezokovesd,HU,2022-08-30 20:13:03,47.8167,20.5833,69.62,46,66,6.93
317,Porto Novo,BJ,2022-08-30 20:13:04,6.4965,2.6036,76.82,92,100,9.48
318,Chunskiy,RU,2022-08-30 20:13:04,56.0815,99.6342,37.81,74,95,3.94
319,Kralendijk,BQ,2022-08-30 20:13:04,12.15,-68.2667,87.78,70,75,14.97
320,Mercedes,AR,2022-08-30 20:13:05,-34.6515,-59.4307,63.95,40,87,12.26
321,Amarante Do Maranhao,BR,2022-08-30 20:14:05,-5.5667,-46.7422,96.44,19,39,6.13
322,Pemangkat,ID,2022-08-30 20:14:05,1.1667,108.9667,76.46,90,100,7.05
323,Sept-Iles,CA,2022-08-30 20:14:06,50.2001,-66.3821,64.92,94,100,4.61
324,Rongcheng,CN,2022-08-30 20:14:06,30.634,117.8517,69.12,94,100,2.93
325,Cockburn Town,TC,2022-08-30 20:11:14,21.4612,-71.1419,83.37,76,98,12.46
326,Kloulklubed,PW,2022-08-30 20:14:07,7.0419,134.2556,83.41,68,100,3.74
327,Bethel,US,2022-08-30 20:14:08,41.3712,-73.414,90.45,59,40,16.11
328,Tazovskiy,RU,2022-08-30 20:14:08,67.4667,78.7,36.25,97,100,19.77
329,Cidreira,BR,2022-08-30 20:14:08,-30.1811,-50.2056,59.0,79,0,14.23
330,Sao Felix Do Xingu,BR,2022-08-30 20:14:09,-6.6447,-51.995,99.1,16,37,2.44
331,Glasgow,GB,2022-08-30 20:14:09,55.8652,-4.2576,59.22,78,100,6.91
332,Naryan-Mar,RU,2022-08-30 20:14:09,67.6713,53.087,42.26,85,84,8.48
333,Campbellton,CA,2022-08-30 20:14:10,48.0075,-66.6727,79.25,65,75,9.46
334,Zhengjiatun,CN,2022-08-30 20:14:10,43.5064,123.5064,58.03,70,26,6.17
335,Hyeres,FR,2022-08-30 20:14:10,43.1167,6.1167,79.45,87,0,3.44
336,Mayo,US,2022-08-30 20:14:11,38.8876,-76.5119,95.11,64,0,17.27
337,Aberdeen,GB,2022-08-30 20:11:40,57.1437,-2.0981,54.19,73,100,2.3
338,Conde,BR,2022-08-30 20:14:11,-7.2597,-34.9075,78.26,69,0,17.27
339,Mishkino,RU,2022-08-30 20:14:12,55.3389,63.9175,65.91,56,61,7.85
340,Salalah,OM,2022-08-30 20:14:12,17.0151,54.0924,77.09,94,75,5.75
341,Russell,US,2022-08-30 20:14:12,32.3502,-85.1999,94.28,55,0,3.44
342,Lompoc,US,2022-08-30 20:14:12,34.6391,-120.4579,91.02,62,0,13.8
343,Yanam,IN,2022-08-30 20:14:13,16.7333,82.2167,79.48,86,51,1.5
344,Progreso,MX,2022-08-30 20:13:31,21.2833,-89.6667,89.71,66,100,15.01
345,Otradnoye,RU,2022-08-30 20:10:34,59.7775,30.8181,54.03,95,100,14.7
346,Colon,PA,2022-08-30 20:14:13,9.3592,-79.9014,87.37,70,74,5.99
347,Vila Franca Do Campo,PT,2022-08-30 20:14:14,37.7167,-25.4333,73.81,84,52,3.06
348,Hambantota,LK,2022-08-30 20:14:14,6.1241,81.1185,77.16,88,100,15.5
349,Goshogawara,JP,2022-08-30 20:14:14,40.8044,140.4414,64.92,99,100,2.17
350,Tripoli,LY,2022-08-30 20:14:15,32.8752,13.1875,81.01,68,0,7.29
351,Tarkwa,GH,2022-08-30 20:14:15,5.3064,-1.9847,72.73,95,100,4.83
352,Mandurah,AU,2022-08-30 20:14:15,-32.55,115.7,50.5,79,0,9.46
353,Hovd,MN,2022-08-30 20:14:16,48.0056,91.6419,56.62,39,60,2.28
354,Yulara,AU,2022-08-30 20:14:16,-25.2406,130.9889,51.98,43,100,14.27
355,Djougou,BJ,2022-08-30 20:14:16,9.7085,1.666,72.19,94,94,2.19
356,Batagay-Alyta,RU,2022-08-30 20:12:20,67.8006,130.4114,45.57,94,100,2.48
357,Kavaratti,IN,2022-08-30 20:14:17,10.5669,72.642,80.19,82,100,19.73
358,Bulaevo,KZ,2022-08-30 20:14:17,54.9056,70.4439,64.74,61,33,6.22
359,Corrales,US,2022-08-30 20:14:17,35.2378,-106.6067,86.88,33,75,13.8
360,Boa Vista,BR,2022-08-30 20:14:18,2.8197,-60.6733,87.78,58,20,5.75
361,Nemuro,JP,2022-08-30 20:14:18,43.3236,145.575,65.21,96,100,10.56
362,Anguillara Sabazia,IT,2022-08-30 20:14:18,42.0875,12.2767,78.93,71,5,2.68
363,College,US,2022-08-30 20:14:19,64.8569,-147.8028,57.52,90,75,6.91
364,Dickinson,US,2022-08-30 20:14:19,29.4608,-95.0513,90.16,75,75,8.05
365,Oyama,JP,2022-08-30 20:14:19,36.3,139.8,75.58,93,100,1.72
366,Sabang,ID,2022-08-30 20:15:20,5.8933,95.3214,79.9,79,100,10.02
367,Benton Harbor,US,2022-08-30 20:14:02,42.1167,-86.4542,79.45,54,0,13.8
368,Alenquer,BR,2022-08-30 20:15:20,-1.9417,-54.7383,96.12,26,89,3.42
369,Plesetsk,RU,2022-08-30 20:15:21,62.708,40.2916,46.18,81,100,5.3
370,Upernavik,GL,2022-08-30 20:15:21,72.7868,-56.1549,39.09,81,93,14.18
371,Bundaberg,AU,2022-08-30 20:15:21,-24.85,152.35,61.21,98,100,1.01
372,Wilmington Island,US,2022-08-30 20:15:22,32.0036,-80.9737,87.89,58,75,0.0
373,Sampit,ID,2022-08-30 20:15:22,-2.5333,112.95,73.47,99,100,1.23
374,Novosheshminsk,RU,2022-08-30 20:15:22,55.0651,51.2338,69.49,55,44,6.91
375,Alice Town,BS,2022-08-30 20:15:22,25.7167,-79.3,85.15,69,6,8.81
376,Umea,SE,2022-08-30 20:15:23,63.8284,20.2597,46.9,100,0,3.44
377,Teya,RU,2022-08-30 20:15:23,60.3778,92.6267,47.73,76,100,10.76
378,Kodiak,US,2022-08-30 20:15:23,57.79,-152.4072,56.71,88,0,6.91
379,San Cristobal,VE,2022-08-30 20:15:24,7.7669,-72.225,86.18,48,15,6.98
380,Dalby,AU,2022-08-30 20:15:24,-27.1833,151.2667,54.99,97,6,0.09
381,La Sarre,CA,2022-08-30 20:15:24,48.8002,-79.1996,68.16,78,100,13.4
382,Boueni,YT,2022-08-30 20:15:25,-12.9025,45.0761,75.18,76,44,10.54
383,Lakhnadon,IN,2022-08-30 20:15:25,22.6,79.6,74.17,90,32,3.65
384,Puerto Escondido,MX,2022-08-30 20:15:25,15.85,-97.0667,86.83,58,40,6.91
385,Paraisopolis,BR,2022-08-30 20:15:25,-22.5542,-45.78,66.04,43,99,5.84
386,Balykshi,KZ,2022-08-30 20:15:26,47.0667,51.8667,71.6,37,0,8.95
387,Asuncion,PY,2022-08-30 20:15:25,-25.3007,-57.6359,76.44,41,0,8.05
388,Haines Junction,CA,2022-08-30 20:15:26,60.7522,-137.5108,60.75,48,99,4.61
389,Chumikan,RU,2022-08-30 20:15:26,54.7183,135.315,54.27,88,96,11.25
390,Dingle,PH,2022-08-30 20:15:27,10.9995,122.6711,76.39,90,91,1.34
391,Husavik,IS,2022-08-30 20:15:27,66.0449,-17.3389,59.88,73,63,18.43
392,Beian,NO,2022-08-30 20:15:27,63.6559,9.5683,52.02,81,40,3.44
393,Tabas,IR,2022-08-30 20:15:28,33.5959,56.9244,81.25,10,0,6.26
394,Gat,IL,2022-08-30 20:15:28,31.61,34.7642,83.39,100,0,5.5
395,Liku,ID,2022-08-30 20:15:28,-0.7275,119.8922,73.89,94,100,1.32
396,Puerto Leguizamo,CO,2022-08-30 20:15:29,-0.1934,-74.7819,79.21,83,51,3.2
397,Nacala,MZ,2022-08-30 20:15:29,-14.5428,40.6728,71.96,84,1,5.88
398,Gizo,SB,2022-08-30 20:15:29,-8.103,156.8419,81.46,77,95,7.9
399,Tungor,RU,2022-08-30 20:15:29,53.3808,142.9564,54.19,92,100,6.62
400,Tateyama,JP,2022-08-30 20:15:30,34.9833,139.8667,75.13,94,75,4.61
401,Saint-Paul,RE,2022-08-30 20:15:30,-21.0096,55.2707,71.71,82,8,1.7
402,Wasilla,US,2022-08-30 20:14:17,61.5814,-149.4394,62.73,72,100,3.44
403,Gewane,ET,2022-08-30 20:15:30,10.1664,40.6453,86.16,48,3,5.84
404,Tanete,ID,2022-08-30 20:15:31,-3.9443,119.7848,72.77,98,100,3.51
405,Saint-Joseph,RE,2022-08-30 20:15:31,-21.3667,55.6167,70.18,82,27,5.23
406,Avera,US,2022-08-30 20:15:31,33.194,-82.5271,89.65,43,12,3.47
407,Yurla,RU,2022-08-30 20:15:32,59.3259,54.3223,60.42,93,100,0.96
408,Laguna,US,2022-08-30 20:15:32,38.421,-121.4238,96.31,38,0,6.91
409,Necochea,AR,2022-08-30 20:15:32,-38.5473,-58.7368,60.71,51,0,13.2
410,Miramar,US,2022-08-30 20:15:33,25.9873,-80.2323,94.01,63,40,13.8
411,Mizdah,LY,2022-08-30 20:15:33,31.4451,12.9801,77.92,46,0,9.71
412,Ebebiyin,GQ,2022-08-30 20:15:33,2.1511,11.3353,68.54,99,90,2.98
413,Narsaq,GL,2022-08-30 20:15:33,60.9167,-46.05,46.62,63,20,5.97
414,Shelburne,CA,2022-08-30 20:15:34,44.0787,-80.2041,72.39,66,98,15.14
415,Juneau,US,2022-08-30 20:16:34,58.3019,-134.4197,56.21,98,100,10.36
416,Rudnogorsk,RU,2022-08-30 20:16:34,57.2639,103.7519,38.62,76,100,6.76
417,Kattivakkam,IN,2022-08-30 20:16:35,13.2167,80.3167,84.29,76,94,4.14
418,Yarkovo,RU,2022-08-30 20:16:35,57.4028,67.0786,62.06,80,32,6.49
419,Tukrah,LY,2022-08-30 20:16:35,32.5341,20.5791,80.37,71,12,9.89
420,Bandarbeyla,SO,2022-08-30 20:16:35,9.4942,50.8122,76.01,84,61,21.0
421,Rio Brilhante,BR,2022-08-30 20:16:36,-21.8019,-54.5464,72.9,42,100,10.36
422,Cabinda,AO,2022-08-30 20:16:36,-5.55,12.2,73.22,88,18,12.21
423,Grand Island,US,2022-08-30 20:16:36,40.925,-98.342,86.29,26,0,5.75
424,Kutum,SD,2022-08-30 20:16:37,14.2,24.6667,80.29,51,6,5.57
425,Praia Da Vitoria,PT,2022-08-30 20:16:37,38.7333,-27.0667,77.25,88,20,2.04
426,Ketchikan,US,2022-08-30 20:16:37,55.3422,-131.6461,63.07,77,20,8.05
427,Vardo,NO,2022-08-30 20:16:38,70.3705,31.1107,44.58,76,0,10.36
428,Dalbandin,PK,2022-08-30 20:16:38,28.8947,64.4101,86.86,12,23,3.49
429,Sao Filipe,CV,2022-08-30 20:16:38,14.8961,-24.4956,78.17,76,57,9.55
430,Kuandian,CN,2022-08-30 20:16:39,40.7286,124.7847,54.57,90,0,4.54
431,Airai,TL,2022-08-30 20:16:39,-8.9266,125.4092,57.22,86,27,2.28
432,Yar-Sale,RU,2022-08-30 20:16:39,66.8333,70.8333,43.52,84,100,18.16
433,Santa Maria,BR,2022-08-30 20:12:07,-29.6842,-53.8069,62.38,63,0,8.95
434,Kizukuri,JP,2022-08-30 20:16:39,40.8061,140.3861,64.94,99,100,2.98
435,Guerrero Negro,MX,2022-08-30 20:16:40,27.9769,-114.0611,81.82,58,14,13.82
436,Laredo,US,2022-08-30 20:16:40,27.5064,-99.5075,93.49,49,40,5.75
437,Coihaique,CL,2022-08-30 20:14:09,-45.5752,-72.0662,43.66,98,100,4.94
438,Voyvozh,RU,2022-08-30 20:16:40,62.892,54.9635,45.28,81,100,4.99
439,Fontenay-Le-Comte,FR,2022-08-30 20:16:41,46.5833,-1.0,72.05,73,48,4.12
440,Longa,CD,2022-08-30 20:16:41,2.8447,24.6776,71.26,95,81,1.52
441,Sarangani,PH,2022-08-30 20:16:41,5.4033,125.4636,81.73,75,92,4.14
442,Manaure,CO,2022-08-30 20:16:42,11.7751,-72.4445,89.13,56,43,19.6
443,Usinsk,RU,2022-08-30 20:16:42,65.9939,57.5281,40.01,79,70,9.19
444,Koregaon,IN,2022-08-30 20:16:42,18.65,74.0833,77.09,81,84,5.57
445,Desaguadero,PE,2022-08-30 20:16:43,-16.5656,-69.0417,56.68,37,23,13.04
446,Alekseyevsk,RU,2022-08-30 20:16:43,57.8406,108.3492,41.11,84,100,9.95
447,Astoria,US,2022-08-30 20:13:20,46.1879,-123.8313,79.43,69,0,11.5
448,San Quintin,MX,2022-08-30 20:16:43,30.4833,-115.95,77.58,70,15,13.53
449,Lagoa,PT,2022-08-30 20:16:44,39.05,-27.9833,73.87,85,63,10.58
450,Imbituba,BR,2022-08-30 20:12:41,-28.24,-48.6703,61.2,66,16,7.58
451,Cedral,MX,2022-08-30 20:16:44,23.8,-100.7333,81.64,38,38,12.08
452,Emba,KZ,2022-08-30 20:16:45,48.8264,58.1442,79.23,26,41,4.63
453,Marrakesh,MA,2022-08-30 20:16:45,31.6315,-8.0083,86.07,45,75,9.22
454,Kupang,ID,2022-08-30 20:16:45,-10.1667,123.5833,74.52,82,62,3.71
455,Katherine,AU,2022-08-30 20:16:46,-14.4667,132.2667,73.72,73,0,6.91
456,Siniscola,IT,2022-08-30 20:16:46,40.5719,9.6922,78.35,73,8,4.99
457,Pacific Grove,US,2022-08-30 20:16:46,36.6177,-121.9166,77.38,78,0,10.36
458,Ouegoa,NC,2022-08-30 20:16:47,-20.35,164.4333,70.61,71,18,12.17
459,Mao,ES,2022-08-30 20:16:47,39.8885,4.2658,79.36,89,20,3.44
460,Moroni,KM,2022-08-30 20:16:47,-11.7022,43.2551,74.34,81,0,4.12
461,Sobolevo,RU,2022-08-30 20:16:47,54.4299,31.8996,57.65,91,0,8.39
462,San Patricio,US,2022-08-30 20:17:48,28.017,-97.5169,89.83,53,100,12.5
463,Champa,IN,2022-08-30 20:17:48,22.05,82.65,81.64,77,97,1.57
464,Rognan,NO,2022-08-30 20:17:49,67.0953,15.3878,50.88,89,100,4.0
465,Shenjiamen,CN,2022-08-30 20:17:49,29.9576,122.298,78.39,89,100,13.06
466,Neyshabur,IR,2022-08-30 20:17:49,36.2133,58.7958,71.02,17,0,2.91
467,Klaksvik,FO,2022-08-30 20:17:50,62.2266,-6.589,50.92,76,76,11.54
468,Rehoboth,NA,2022-08-30 20:17:50,-23.3167,17.0833,66.56,20,74,4.79
469,Mahon,ES,2022-08-30 20:17:51,39.8885,4.2658,79.36,89,20,3.44
470,Kahului,US,2022-08-30 20:17:51,20.8947,-156.47,83.84,70,20,23.02
471,Denpasar,ID,2022-08-30 20:15:09,-8.65,115.2167,78.46,94,75,2.3
472,Ferme-Neuve,CA,2022-08-30 20:17:51,46.7001,-75.4493,66.74,94,100,13.02
473,Sorland,NO,2022-08-30 20:17:52,67.667,12.6934,49.86,74,100,13.73
474,Gonbad-E Qabus,IR,2022-08-30 20:17:52,37.25,55.1672,75.11,64,0,2.3
475,Pasni,PK,2022-08-30 20:17:52,25.2631,63.471,79.27,83,19,8.99
476,North Battleford,CA,2022-08-30 20:17:53,52.7834,-108.2847,87.4,32,0,13.8
477,Boz,FR,2022-08-30 20:17:53,46.4071,4.9109,66.4,92,50,1.54
478,Vostok,RU,2022-08-30 20:17:53,46.4856,135.8833,47.91,96,1,3.15
479,Mehamn,NO,2022-08-30 20:14:25,71.0357,27.8492,46.35,93,75,5.75
480,Atambua,ID,2022-08-30 20:17:54,-9.1061,124.8925,70.48,86,32,2.8
481,Corinth,GR,2022-08-30 20:17:54,37.9407,22.9573,77.9,55,11,3.0
482,Port Shepstone,ZA,2022-08-30 20:17:54,-30.7414,30.455,58.28,57,61,25.84
483,Tharad,IN,2022-08-30 20:17:54,24.3961,71.6267,83.57,71,36,5.01
484,Quatre Cocos,MU,2022-08-30 20:17:55,-20.2078,57.7625,66.09,75,16,11.54
485,Kachug,RU,2022-08-30 20:17:55,53.9606,105.8817,32.76,79,35,2.64
486,Raudeberg,NO,2022-08-30 20:17:55,61.9875,5.1352,56.07,43,0,15.37
487,Iskateley,RU,2022-08-30 20:17:56,67.6803,53.1512,41.63,86,85,8.41
488,Rocha,UY,2022-08-30 20:13:01,-34.4833,-54.3333,58.19,67,0,7.94
489,Abu Samrah,SY,2022-08-30 20:17:56,35.3029,37.1841,88.21,31,5,5.64
490,Makakilo City,US,2022-08-30 20:17:56,21.3469,-158.0858,82.72,59,20,11.5
491,Klyuchi,RU,2022-08-30 20:17:57,52.2667,79.1667,65.97,38,96,5.48
492,Bamiantong,CN,2022-08-30 20:17:57,44.9333,130.5333,52.81,93,0,2.93
493,Kut Chap,TH,2022-08-30 20:17:57,17.4257,102.5669,78.19,81,28,3.13
494,Marsa Matruh,EG,2022-08-30 20:17:57,31.3525,27.2453,78.85,76,0,9.19
495,Solnechnyy,RU,2022-08-30 20:17:58,50.7214,136.6319,51.73,93,62,3.69
496,Polunochnoye,RU,2022-08-30 20:17:58,60.8697,60.4153,51.3,93,100,4.94
497,Tapes,BR,2022-08-30 20:13:51,-30.6733,-51.3958,60.57,73,10,12.62
498,Hualmay,PE,2022-08-30 20:17:58,-11.0964,-77.6139,66.54,70,10,11.34
499,Wadi Musa,JO,2022-08-30 20:17:59,30.3222,35.4793,81.36,24,0,3.02
500,Ponta Delgada,PT,2022-08-30 20:17:59,37.7333,-25.6667,74.12,88,40,3.44
501,Kefamenanu,ID,2022-08-30 20:17:59,-9.4467,124.4781,68.11,93,18,3.0
502,Tocopilla,CL,2022-08-30 20:16:09,-22.092,-70.1979,65.95,65,19,10.83
503,Anadyr,RU,2022-08-30 20:18:00,64.75,177.4833,48.7,87,75,11.01
504,Nouadhibou,MR,2022-08-30 20:18:00,20.931,-17.0347,80.58,69,40,13.8
505,Valparaiso,CL,2022-08-30 20:15:29,-33.0393,-71.6273,61.0,91,100,2.3
506,Sturgis,US,2022-08-30 20:18:00,41.7992,-85.4192,77.22,54,40,13.8
507,Conakry,GN,2022-08-30 20:18:01,9.538,-13.6773,80.67,94,40,6.91
508,Matara,LK,2022-08-30 20:19:01,5.9485,80.5353,75.63,92,100,11.83
509,Coahuayana,MX,2022-08-30 20:19:01,18.7333,-103.6833,89.67,59,77,6.87
510,Atchison,US,2022-08-30 20:19:02,39.563,-95.1216,89.31,18,0,9.89
511,Placerville,US,2022-08-30 20:18:54,38.7296,-120.7986,96.04,27,0,8.05
512,Buala,SB,2022-08-30 20:19:02,-8.145,159.5921,79.77,83,100,12.06
513,Acapulco,MX,2022-08-30 20:16:21,16.8634,-99.8901,87.62,70,40,6.91
514,Sola,VU,2022-08-30 20:19:03,-13.8833,167.55,79.34,74,76,24.36
515,Hervey Bay,AU,2022-08-30 20:19:03,-25.2986,152.8535,62.64,88,99,6.67
516,Cap Malheureux,MU,2022-08-30 20:19:03,-19.9842,57.6142,66.47,77,0,3.0
517,Aklavik,CA,2022-08-30 20:19:04,68.2191,-135.0107,57.22,60,77,2.44
518,Ligayan,PH,2022-08-30 20:19:04,4.6533,119.4706,82.56,72,100,2.95
519,Ambilobe,MG,2022-08-30 20:19:04,-13.2,49.05,68.49,83,82,2.48
520,Groningen,NL,2022-08-30 20:19:05,53.25,6.75,64.22,67,15,8.05
521,Birao,CF,2022-08-30 20:19:05,10.2849,22.7882,72.81,92,55,3.67
522,Thurso,GB,2022-08-30 20:19:05,58.5927,-3.5259,53.85,81,54,5.39
523,Eureka,US,2022-08-30 20:15:32,40.8021,-124.1637,63.79,72,32,5.26
524,Mawlaik,MM,2022-08-30 20:19:06,23.6333,94.4167,76.01,99,100,0.94
525,Americana,BR,2022-08-30 20:16:16,-22.7392,-47.3314,75.11,34,95,13.29
526,Port Hawkesbury,CA,2022-08-30 20:19:06,45.6169,-61.3485,82.96,78,0,10.36
527,Nan,TH,2022-08-30 20:19:06,18.8333,100.6667,72.5,97,21,0.25
528,Wanlaweyn,SO,2022-08-30 20:17:23,2.6185,44.8938,75.49,79,15,16.6
529,Horsham,GB,2022-08-30 20:19:07,51.064,-0.3272,68.74,71,0,8.05
530,Nueva Helvecia,UY,2022-08-30 20:19:07,-34.3,-57.2333,60.78,57,2,8.86
531,Zhangjiakou,CN,2022-08-30 20:19:08,40.81,114.8794,56.59,74,0,4.79
532,Mareeba,AU,2022-08-30 20:19:08,-17.0,145.4333,66.92,86,96,3.91
533,Na Klang,TH,2022-08-30 20:19:08,17.3072,102.1889,76.73,84,41,3.22
534,Baykit,RU,2022-08-30 20:19:08,61.67,96.37,40.15,98,100,4.5
535,Yerbogachen,RU,2022-08-30 20:19:09,61.2767,108.0108,37.74,93,100,14.29
536,Mayya,RU,2022-08-30 20:19:09,61.7333,130.2811,40.32,95,12,4.25
537,Jizan,SA,2022-08-30 20:19:09,17.3333,42.6667,88.74,53,13,2.19
538,Pangody,RU,2022-08-30 20:19:10,65.85,74.4859,40.3,84,97,20.04
539,Binga,ZW,2022-08-30 20:19:10,-17.6203,27.3414,72.48,38,0,8.12
540,Ban Bung,TH,2022-08-30 20:19:10,18.3081,100.7044,73.96,98,25,1.5
541,Qaqortoq,GL,2022-08-30 20:19:11,60.7167,-46.0333,43.83,71,15,19.15
542,Kieta,PG,2022-08-30 20:19:11,-6.2167,155.6333,78.19,84,78,1.03
543,Moerai,PF,2022-08-30 20:19:11,-22.4333,-151.3333,74.57,79,18,10.18
544,Turukhansk,RU,2022-08-30 20:19:11,65.8167,87.9833,42.33,98,100,6.22
545,Hamilton,US,2022-08-30 20:19:12,39.1834,-84.5333,85.95,49,40,14.97
546,Contamana,PE,2022-08-30 20:19:12,-7.3333,-75.0167,91.15,36,78,3.87
547,Andros Town,BS,2022-08-30 20:19:12,24.7,-77.7667,87.76,65,1,13.69
548,Kropotkin,RU,2022-08-30 20:19:13,45.4375,40.5756,83.32,39,70,5.7
549,Angoche,MZ,2022-08-30 20:19:13,-16.2325,39.9086,74.88,75,0,12.37
550,Mala,PE,2022-08-30 20:19:13,-12.6581,-76.6308,65.97,71,24,8.25
551,Carman,CA,2022-08-30 20:19:14,49.4992,-98.0016,81.52,41,3,8.05
552,Arauli,HN,2022-08-30 20:19:14,13.95,-86.55,79.14,80,93,2.91
553,Tete,MZ,2022-08-30 20:19:14,-16.1564,33.5867,80.69,41,0,14.97
554,Katangli,RU,2022-08-30 20:19:14,51.7102,143.2326,54.12,88,96,6.53
555,Vila Velha,BR,2022-08-30 20:16:50,-20.3297,-40.2925,67.95,73,40,14.97
556,Roura,GF,2022-08-30 20:20:15,4.7263,-52.3274,84.11,74,20,12.66
557,Dawlatabad,AF,2022-08-30 20:20:15,36.4141,64.9053,77.25,15,0,3.44
558,Ridgecrest,US,2022-08-30 20:20:16,35.6225,-117.6709,102.06,18,0,5.99
559,Karratha,AU,2022-08-30 20:20:16,-20.7377,116.8463,69.91,36,99,5.44
