City_ID,City,Country,Date,Lat,Lng,Max Temp,Humidity,Cloudiness,Wind Speed,Current Description
0,Arraial Do Cabo,BR,2022-09-06 04:37:42,-22.9661,-42.0278,66.25,65,88,11.99,overcast clouds
1,Nouadhibou,MR,2022-09-06 04:42:28,20.931,-17.0347,75.18,78,0,11.5,clear sky
2,Punta Arenas,CL,2022-09-06 04:42:28,-53.15,-70.9167,33.91,86,40,20.71,light intensity shower rain
3,Hot Springs,US,2022-09-06 04:42:29,34.5037,-93.0552,72.72,90,100,3.0,overcast clouds
4,Saldanha,ZA,2022-09-06 04:42:29,-33.0117,17.9442,48.25,80,7,5.44,clear sky
5,Provideniya,RU,2022-09-06 04:42:29,64.3833,-173.3,48.36,93,100,8.95,light intensity shower rain
6,Cayenne,GF,2022-09-06 04:42:30,4.9333,-52.3333,77.04,94,96,0.0,overcast clouds
7,Porto Novo,BJ,2022-09-06 04:42:30,6.4965,2.6036,75.02,93,51,4.9,broken clouds
8,Saint George,US,2022-09-06 04:42:30,37.1041,-113.5841,97.39,19,0,3.44,clear sky
9,Lae,PG,2022-09-06 04:42:31,-6.7221,146.9847,92.07,66,98,8.08,overcast clouds
10,New Norfolk,AU,2022-09-06 04:42:31,-42.7826,147.0587,52.72,65,59,2.46,broken clouds
11,Lesosibirsk,RU,2022-09-06 04:42:31,58.2358,92.4828,46.69,96,100,7.38,moderate rain
12,Carnarvon,AU,2022-09-06 04:42:32,-24.8667,113.6333,65.19,58,85,13.27,overcast clouds
13,Atuona,PF,2022-09-06 04:42:32,-9.8,-139.0333,76.69,71,0,19.71,clear sky
14,Hilo,US,2022-09-06 04:42:32,19.7297,-155.09,79.29,96,100,1.01,moderate rain
15,Kapchorwa,UG,2022-09-06 04:42:32,1.3965,34.4509,60.82,80,81,0.98,broken clouds
16,Rikitea,PF,2022-09-06 04:42:33,-23.1203,-134.9692,72.39,69,85,20.56,light rain
17,Vardo,NO,2022-09-06 04:42:33,70.3705,31.1107,44.58,76,100,20.71,overcast clouds
18,Ponta Do Sol,PT,2022-09-06 04:42:33,32.6667,-17.1,70.72,71,0,2.77,clear sky
19,Maniitsoq,GL,2022-09-06 04:42:34,65.4167,-52.9,39.31,94,100,15.19,light rain
20,Kaitangata,NZ,2022-09-06 04:42:34,-46.2817,169.8464,45.66,67,75,12.46,broken clouds
21,Hermanus,ZA,2022-09-06 04:42:34,-34.4187,19.2345,46.8,79,22,6.04,few clouds
22,Gwadar,PK,2022-09-06 04:42:35,25.1216,62.3254,81.18,75,98,6.96,overcast clouds
23,Kavarna,BG,2022-09-06 04:42:35,43.4333,28.3333,59.58,79,55,7.25,broken clouds
24,Port Elizabeth,ZA,2022-09-06 04:42:35,-33.918,25.5701,55.69,65,20,16.11,few clouds
25,Iqaluit,CA,2022-09-06 04:42:35,63.7506,-68.5145,38.93,86,75,3.44,broken clouds
26,Sztum,PL,2022-09-06 04:37:41,53.9208,19.0307,47.34,71,70,5.3,broken clouds
27,Tahe,CN,2022-09-06 04:42:36,52.3333,124.7333,64.31,33,29,3.24,scattered clouds
28,Chuy,UY,2022-09-06 04:42:36,-33.6971,-53.4616,48.65,94,5,5.95,clear sky
29,Poum,NC,2022-09-06 04:42:36,-20.2333,164.0167,68.47,82,100,12.24,overcast clouds
30,Hobart,AU,2022-09-06 04:42:11,-42.8794,147.3294,53.06,72,40,10.36,scattered clouds
31,Samarai,PG,2022-09-06 04:42:37,-10.6167,150.6667,82.94,73,1,11.14,clear sky
32,Bluff,NZ,2022-09-06 04:42:37,-46.6,168.3333,41.81,74,100,21.43,light rain
33,Khatanga,RU,2022-09-06 04:42:37,71.9667,102.5,42.4,91,100,9.57,light rain
34,Shache,CN,2022-09-06 04:42:38,38.4167,77.2406,85.44,13,47,5.12,scattered clouds
35,Saskylakh,RU,2022-09-06 04:42:38,71.9167,114.0833,46.44,68,100,14.85,overcast clouds
36,Naze,JP,2022-09-06 04:42:38,28.3667,129.4833,83.32,81,100,7.74,light rain
37,Torbay,CA,2022-09-06 04:42:39,47.6666,-52.7314,60.28,95,100,14.0,light intensity drizzle
38,Arica,CL,2022-09-06 04:41:50,-18.475,-70.3042,59.23,77,100,4.61,overcast clouds
39,Nikolskoye,RU,2022-09-06 04:42:39,59.7035,30.7861,47.88,77,98,4.76,overcast clouds
40,Katsuura,JP,2022-09-06 04:42:39,35.1333,140.3,83.89,71,58,13.29,broken clouds
41,Jamestown,US,2022-09-06 04:42:40,42.097,-79.2353,67.51,72,100,6.91,overcast clouds
42,Thompson,CA,2022-09-06 04:42:40,55.7435,-97.8558,71.76,60,20,9.22,few clouds
43,Fortuna,US,2022-09-06 04:42:40,40.5982,-124.1573,59.09,91,5,3.15,clear sky
44,Mataura,NZ,2022-09-06 04:42:41,-46.1927,168.8643,41.49,88,96,7.65,overcast clouds
45,Vavuniya,LK,2022-09-06 04:42:41,8.7514,80.4971,87.08,56,95,11.92,overcast clouds
46,Hampton,US,2022-09-06 04:40:33,37.0299,-76.3452,79.02,76,75,6.91,broken clouds
47,Fukue,JP,2022-09-06 04:43:41,32.6881,128.8419,77.36,78,75,18.41,broken clouds
48,Albany,US,2022-09-06 04:41:13,42.6001,-73.9662,65.37,95,100,2.08,moderate rain
49,Hithadhoo,MV,2022-09-06 04:43:42,-0.6,73.0833,81.97,71,91,16.37,overcast clouds
50,Ancud,CL,2022-09-06 04:43:42,-41.8697,-73.8203,49.23,78,100,14.74,overcast clouds
51,Nuuk,GL,2022-09-06 04:43:42,64.1835,-51.7216,41.61,87,75,14.97,broken clouds
52,Ternate,ID,2022-09-06 04:43:43,0.8,127.4,83.77,72,31,6.38,scattered clouds
53,Dikson,RU,2022-09-06 04:43:43,73.5069,80.5464,35.76,78,100,23.82,overcast clouds
54,Cape Town,ZA,2022-09-06 04:43:43,-33.9258,18.4232,52.21,79,75,5.75,broken clouds
55,Puyo,EC,2022-09-06 04:43:44,-1.4667,-77.9833,62.26,96,95,3.33,light rain
56,Kapaa,US,2022-09-06 04:43:44,22.0752,-159.319,84.18,75,40,16.11,scattered clouds
57,Ushuaia,AR,2022-09-06 04:43:44,-54.8,-68.3,31.66,86,20,9.22,light snow
58,Merauke,ID,2022-09-06 04:43:45,-8.4667,140.3333,82.02,78,99,12.91,overcast clouds
59,Manavalakurichi,IN,2022-09-06 04:43:45,8.1333,77.3,78.69,85,98,21.83,overcast clouds
60,Mar Del Plata,AR,2022-09-06 04:43:45,-38.0023,-57.5575,55.42,58,0,11.01,clear sky
61,Ostrovnoy,RU,2022-09-06 04:43:46,68.0531,39.5131,45.59,89,100,15.05,light rain
62,Barrow,US,2022-09-06 04:43:46,71.2906,-156.7887,39.22,81,100,13.8,overcast clouds
63,Sinnamary,GF,2022-09-06 04:43:46,5.3833,-52.95,78.17,87,85,12.41,overcast clouds
64,Butaritari,KI,2022-09-06 04:43:47,3.0707,172.7902,82.42,76,72,18.68,broken clouds
65,Vodnyy,RU,2022-09-06 04:43:47,63.5046,53.4095,47.07,73,100,6.26,overcast clouds
66,Deputatskiy,RU,2022-09-06 04:43:47,69.3,139.9,53.35,37,39,6.17,scattered clouds
67,Yangambi,CD,2022-09-06 04:43:48,0.8102,24.4336,71.04,91,7,1.32,clear sky
68,Constitucion,CL,2022-09-06 04:43:48,-35.3333,-72.4167,54.5,88,1,2.59,clear sky
69,Urucui,BR,2022-09-06 04:43:48,-7.2294,-44.5561,79.18,42,3,8.39,clear sky
70,Katangi,IN,2022-09-06 04:40:57,23.45,79.7833,85.26,68,9,0.81,clear sky
71,Qaanaaq,GL,2022-09-06 04:43:49,77.484,-69.3632,39.06,81,98,8.52,overcast clouds
72,Cherskiy,RU,2022-09-06 04:43:49,68.75,161.3,47.97,54,98,9.53,overcast clouds
73,Mayahi,NE,2022-09-06 04:43:49,13.9553,7.6712,77.32,65,100,6.22,light rain
74,Chupa,RU,2022-09-06 04:43:50,66.27,33.0549,46.92,83,100,9.57,light rain
75,Muros,ES,2022-09-06 04:43:50,42.7762,-9.0603,66.83,84,15,13.8,few clouds
76,Lorengau,PG,2022-09-06 04:43:50,-2.0226,147.2712,84.97,66,54,9.91,broken clouds
77,Leningradskiy,RU,2022-09-06 04:43:51,69.3833,178.4167,32.74,94,100,13.33,overcast clouds
78,Yarmouth,US,2022-09-06 04:43:51,41.7057,-70.2286,69.03,88,100,3.44,overcast clouds
79,Sambava,MG,2022-09-06 04:43:51,-14.2667,50.1667,72.73,79,82,13.11,light rain
80,Hamilton,US,2022-09-06 04:42:34,39.1834,-84.5333,72.88,95,100,4.61,overcast clouds
81,Thaba Nchu,ZA,2022-09-06 04:43:52,-29.2093,26.839,41.68,43,0,4.63,clear sky
82,Markova,UA,2022-09-06 04:43:52,48.6758,24.4138,49.1,77,15,1.25,few clouds
83,Codrington,AU,2022-09-06 04:43:52,-38.2667,141.9667,58.57,67,100,10.07,overcast clouds
84,Vila Velha,BR,2022-09-06 04:43:53,-20.3297,-40.2925,66.15,85,0,4.61,clear sky
85,Toora-Khem,RU,2022-09-06 04:43:53,52.4675,96.11,69.82,41,97,1.99,overcast clouds
86,Pevek,RU,2022-09-06 04:43:53,69.7008,170.3133,35.2,97,100,3.51,overcast clouds
87,Bathsheba,BB,2022-09-06 04:43:54,13.2167,-59.5167,79.41,94,40,5.75,scattered clouds
88,Bodo,NO,2022-09-06 04:43:54,67.28,14.405,50.04,71,75,10.36,broken clouds
89,Nanortalik,GL,2022-09-06 04:43:54,60.1432,-45.2371,43.54,95,100,8.75,overcast clouds
90,Georgetown,MY,2022-09-06 04:38:57,5.4112,100.3354,85.98,79,40,7.0,scattered clouds
91,Owando,CG,2022-09-06 04:43:55,-0.4819,15.8999,69.44,94,46,2.13,scattered clouds
92,Tuktoyaktuk,CA,2022-09-06 04:43:55,69.4541,-133.0374,37.4,87,100,21.85,overcast clouds
93,Upernavik,GL,2022-09-06 04:44:55,72.7868,-56.1549,40.3,88,97,26.89,overcast clouds
94,Aklavik,CA,2022-09-06 04:44:55,68.2191,-135.0107,38.5,77,95,12.59,overcast clouds
95,Tongliao,CN,2022-09-06 04:44:56,43.6125,122.2653,59.52,47,50,19.3,scattered clouds
96,Tiksi,RU,2022-09-06 04:44:56,71.6872,128.8694,48.78,51,65,13.8,broken clouds
97,Pisco,PE,2022-09-06 04:44:56,-13.7,-76.2167,60.85,82,100,2.3,overcast clouds
98,Bredasdorp,ZA,2022-09-06 04:44:57,-34.5322,20.0403,45.21,85,27,6.91,scattered clouds
99,Presidencia Roque Saenz Pena,AR,2022-09-06 04:44:57,-26.7852,-60.4388,49.98,54,0,4.32,clear sky
100,Bambous Virieux,MU,2022-09-06 04:44:57,-20.3428,57.7575,72.21,68,75,12.66,broken clouds
101,Vaini,TO,2022-09-06 04:44:58,-21.2,-175.2,78.96,89,75,10.36,broken clouds
102,Victoria,HK,2022-09-06 04:43:48,22.2855,114.1577,95.05,73,66,9.71,broken clouds
103,Zhigansk,RU,2022-09-06 04:44:58,66.7697,123.3711,42.71,95,100,17.63,light rain
104,Dali,CN,2022-09-06 04:44:58,25.7,100.1833,63.5,74,100,4.12,overcast clouds
105,Santa Cruz,BO,2022-09-06 04:41:43,-17.8,-63.1667,65.66,32,40,6.91,scattered clouds
106,Le Port,RE,2022-09-06 04:44:59,-20.9373,55.2919,73.4,63,10,6.64,clear sky
107,Rancho Palos Verdes,US,2022-09-06 04:44:59,33.7445,-118.387,86.72,80,0,3.0,clear sky
108,Busselton,AU,2022-09-06 04:44:59,-33.65,115.3333,55.78,72,82,7.45,moderate rain
109,Votorantim,BR,2022-09-06 04:45:00,-23.5467,-47.4378,62.33,86,84,6.46,light rain
110,Dingle,PH,2022-09-06 04:45:00,10.9995,122.6711,85.48,73,100,8.05,light rain
111,Ahipara,NZ,2022-09-06 04:45:00,-35.1667,173.1667,53.78,62,19,8.34,few clouds
112,Mingaora,PK,2022-09-06 04:45:00,34.7758,72.3625,79.66,65,0,2.24,clear sky
113,Stilfontein,ZA,2022-09-06 04:45:01,-26.8449,26.7683,46.81,38,78,5.23,broken clouds
114,Saint-Philippe,RE,2022-09-06 04:45:01,-21.3585,55.7679,72.99,71,37,12.88,scattered clouds
115,Macenta,GN,2022-09-06 04:45:01,8.5435,-9.471,67.42,99,99,1.79,overcast clouds
116,Astoria,US,2022-09-06 04:45:02,46.1879,-123.8313,60.85,85,4,5.66,clear sky
117,Lebu,CL,2022-09-06 04:45:02,-37.6167,-73.65,48.16,67,83,1.9,broken clouds
118,Mogok,MM,2022-09-06 04:45:03,22.9167,96.5,74.32,90,100,1.92,overcast clouds
119,Norman Wells,CA,2022-09-06 04:45:03,65.282,-126.8329,42.84,100,100,17.27,mist
120,Abu Zabad,SD,2022-09-06 04:45:04,12.35,29.25,74.98,82,36,9.24,scattered clouds
121,Santo Antonio Do Monte,BR,2022-09-06 04:45:04,-20.0872,-45.2936,60.62,76,27,7.76,scattered clouds
122,Kurumkan,RU,2022-09-06 04:45:04,54.3,110.3,63.14,44,57,2.44,broken clouds
123,Antofagasta,CL,2022-09-06 04:45:05,-23.65,-70.4,54.68,68,37,5.32,scattered clouds
124,Nabire,ID,2022-09-06 04:45:05,-3.3667,135.4833,84.88,68,65,4.88,broken clouds
125,Ambon,ID,2022-09-06 04:45:05,-3.6954,128.1814,86.14,70,40,8.05,scattered clouds
126,Ribeira Grande,PT,2022-09-06 04:45:06,38.5167,-28.7,74.79,86,90,8.88,light rain
127,Port Alfred,ZA,2022-09-06 04:45:06,-33.5906,26.891,52.18,70,26,1.99,scattered clouds
128,Lulea,SE,2022-09-06 04:45:06,65.5842,22.1547,46.47,81,0,8.05,clear sky
129,Souillac,MU,2022-09-06 04:45:07,-20.5167,57.5167,70.18,68,75,12.66,broken clouds
130,Ilulissat,GL,2022-09-06 04:42:10,69.2167,-51.1,41.02,87,100,5.75,overcast clouds
131,Port Lincoln,AU,2022-09-06 04:45:07,-34.7333,135.8667,59.34,62,2,14.0,clear sky
132,Shingu,JP,2022-09-06 04:45:07,33.7333,135.9833,81.27,90,100,13.4,overcast clouds
133,Avarua,CK,2022-09-06 04:45:08,-21.2078,-159.775,75.25,88,75,9.22,broken clouds
134,Puerto Escondido,MX,2022-09-06 04:45:08,15.85,-97.0667,79.14,76,96,3.44,overcast clouds
135,Jinxiang,CN,2022-09-06 04:45:09,27.4327,120.6062,83.14,60,52,8.66,broken clouds
136,Houma,US,2022-09-06 04:44:56,29.5958,-90.7195,77.0,94,96,0.0,overcast clouds
137,Marzuq,YE,2022-09-06 04:45:09,14.4,46.4667,85.95,35,100,1.48,overcast clouds
138,Los Llanos De Aridane,ES,2022-09-06 04:45:09,28.6585,-17.9182,67.75,91,75,9.22,broken clouds
139,Claremore,US,2022-09-06 04:46:10,36.3126,-95.6161,74.52,86,40,7.81,scattered clouds
140,Mahebourg,MU,2022-09-06 04:46:10,-20.4081,57.7,72.25,68,75,12.66,broken clouds
141,Kachiry,KZ,2022-09-06 04:46:10,53.0675,76.1036,82.63,26,98,7.29,overcast clouds
142,Sitarganj,IN,2022-09-06 04:46:10,28.9333,79.7,92.41,43,0,2.68,clear sky
143,Korla,CN,2022-09-06 04:46:11,41.7597,86.1469,86.99,12,0,8.48,clear sky
144,Angol,CL,2022-09-06 04:46:11,-37.8,-72.7167,49.51,76,93,2.1,overcast clouds
145,Caboolture,AU,2022-09-06 04:46:11,-27.0833,152.95,70.38,65,62,8.93,broken clouds
146,Esperance,AU,2022-09-06 04:46:12,-33.8667,121.9,57.45,77,67,14.25,broken clouds
147,Merrill,US,2022-09-06 04:46:12,45.1805,-89.6835,52.63,98,0,0.0,clear sky
148,Macau,MO,2022-09-06 04:44:02,22.2006,113.5461,94.8,55,0,5.75,clear sky
149,Two Rivers,US,2022-09-06 04:46:12,44.1539,-87.5693,64.89,88,100,1.01,overcast clouds
150,Shalya,RU,2022-09-06 04:46:13,57.2471,58.7298,44.89,67,100,3.24,overcast clouds
151,Tautira,PF,2022-09-06 04:46:13,-17.7333,-149.15,77.13,79,26,15.86,light rain
152,Dharchula,IN,2022-09-06 04:46:13,29.85,80.5333,81.25,63,2,5.91,clear sky
153,Masuguru,TZ,2022-09-06 04:46:14,-11.3667,38.4167,72.05,70,0,2.98,clear sky
154,Baykit,RU,2022-09-06 04:46:14,61.67,96.37,48.06,79,98,9.46,light rain
155,Bayir,TR,2022-09-06 04:46:15,37.2687,28.2167,70.32,64,0,5.73,clear sky
156,Austin,US,2022-09-06 04:43:15,30.2672,-97.7431,81.59,78,0,3.44,clear sky
157,Chenzhou,CN,2022-09-06 04:46:15,25.8,113.0333,94.6,26,54,4.61,broken clouds
158,Oriximina,BR,2022-09-06 04:46:15,-1.7656,-55.8661,79.16,58,56,1.7,broken clouds
159,Boyolangu,ID,2022-09-06 04:46:16,-8.1181,111.8935,83.32,68,53,9.19,broken clouds
160,Gayny,RU,2022-09-06 04:46:16,60.3071,54.3241,43.63,68,100,3.87,overcast clouds
161,Kokoda,PG,2022-09-06 04:46:16,-8.8785,147.7407,87.44,58,11,6.67,few clouds
162,Erdenet,MN,2022-09-06 04:46:16,49.0333,104.0833,68.43,42,4,6.6,clear sky
163,Mosquera,CO,2022-09-06 04:46:17,4.7059,-74.2302,57.29,72,75,3.44,broken clouds
164,Adwa,ET,2022-09-06 04:46:17,14.1646,38.8955,62.96,84,51,1.28,broken clouds
165,Airai,TL,2022-09-06 04:46:17,-8.9266,125.4092,78.46,37,40,2.75,scattered clouds
166,Huarmey,PE,2022-09-06 04:46:18,-10.0681,-78.1522,61.02,84,15,6.55,few clouds
167,San Ramon,US,2022-09-06 04:43:06,37.7799,-121.978,96.66,32,0,0.0,clear sky
168,Esfarayen,IR,2022-09-06 04:46:18,37.0765,57.5101,67.66,17,0,1.14,clear sky
169,Bilibino,RU,2022-09-06 04:46:18,68.0546,166.4372,37.74,83,100,4.18,overcast clouds
170,Store Heddinge,DK,2022-09-06 04:46:19,55.3097,12.3889,60.48,72,95,20.31,overcast clouds
171,Pacifica,US,2022-09-06 04:43:01,37.6138,-122.4869,89.44,78,20,5.75,mist
172,Riyadh,SA,2022-09-06 04:44:45,24.6877,46.7219,84.34,9,1,7.25,clear sky
173,San Patricio,US,2022-09-06 04:46:19,28.017,-97.5169,82.83,85,100,4.61,overcast clouds
174,Matara,LK,2022-09-06 04:45:54,5.9485,80.5353,80.4,85,98,14.43,moderate rain
175,Kavaratti,IN,2022-09-06 04:46:20,10.5669,72.642,76.59,90,100,19.3,overcast clouds
176,Tripoli,LY,2022-09-06 04:45:18,32.8752,13.1875,80.94,71,1,13.96,clear sky
177,Jalu,LY,2022-09-06 04:46:20,29.0331,21.5482,76.75,63,0,9.19,clear sky
178,Lompoc,US,2022-09-06 04:46:21,34.6391,-120.4579,82.78,64,0,3.44,clear sky
179,Lujiang,CN,2022-09-06 04:46:21,31.2581,117.2817,94.15,29,57,6.58,broken clouds
180,Narsaq,GL,2022-09-06 04:46:21,60.9167,-46.05,46.62,90,100,4.23,overcast clouds
181,East London,ZA,2022-09-06 04:46:22,-33.0153,27.9116,54.54,58,0,12.66,clear sky
182,Sakakah,SA,2022-09-06 04:46:22,29.9697,40.2064,80.17,17,0,5.97,clear sky
183,Sungairaya,ID,2022-09-06 04:47:22,0.7,108.9,86.94,63,100,5.66,overcast clouds
184,Kerema,PG,2022-09-06 04:47:23,-7.9631,145.7785,81.7,80,100,8.23,overcast clouds
185,Bethel,US,2022-09-06 04:47:23,41.3712,-73.414,73.76,90,100,3.44,mist
186,Sangar,RU,2022-09-06 04:47:23,63.9242,127.4739,46.24,86,100,12.01,overcast clouds
187,Barao De Melgaco,BR,2022-09-06 04:47:23,-16.1944,-55.9675,77.31,50,74,5.7,broken clouds
188,Sitka,US,2022-09-06 04:47:24,57.0531,-135.33,53.49,87,40,5.75,scattered clouds
189,Longyearbyen,SJ,2022-09-06 04:42:41,78.2186,15.6401,40.84,81,75,3.44,broken clouds
190,Northam,GB,2022-09-06 04:47:24,51.0333,-4.2167,59.4,95,66,14.03,broken clouds
191,Tuatapere,NZ,2022-09-06 04:47:24,-46.1333,167.6833,45.84,71,97,8.34,overcast clouds
192,Baghdad,IQ,2022-09-06 04:47:05,33.3406,44.4009,84.11,30,0,3.44,clear sky
193,Panguna,PG,2022-09-06 04:47:25,-6.3164,155.4848,79.81,66,46,2.93,light rain
194,Anadyr,RU,2022-09-06 04:47:25,64.75,177.4833,43.3,93,75,13.42,broken clouds
195,Cedar Lake,US,2022-09-06 04:47:25,41.3648,-87.4411,69.71,89,14,4.88,few clouds
196,Salalah,OM,2022-09-06 04:47:26,17.0151,54.0924,77.09,100,100,8.05,light intensity drizzle
197,Fort Abbas,PK,2022-09-06 04:47:26,29.1925,72.8536,94.42,40,1,10.98,clear sky
198,Cedar Falls,US,2022-09-06 04:45:50,42.5278,-92.4455,68.18,89,75,1.01,broken clouds
199,Hillsborough,US,2022-09-06 04:47:15,37.5741,-122.3794,89.73,68,20,5.75,few clouds
200,Saint-Augustin,CA,2022-09-06 04:47:27,51.226,-58.6502,50.58,79,96,5.91,overcast clouds
201,Kangaatsiaq,GL,2022-09-06 04:47:27,68.3065,-53.4641,39.92,88,100,21.25,overcast clouds
202,Renfrew,GB,2022-09-06 04:45:29,55.872,-4.3925,62.47,93,20,9.22,few clouds
203,Yellowknife,CA,2022-09-06 04:47:27,62.456,-114.3525,54.12,76,75,11.5,light rain
204,Sao Filipe,CV,2022-09-06 04:47:28,14.8961,-24.4956,79.65,79,100,2.06,overcast clouds
205,Maldonado,UY,2022-09-06 04:47:28,-34.6667,-54.9167,48.22,74,0,5.75,clear sky
206,Hirara,JP,2022-09-06 04:47:28,24.8,125.2833,84.47,89,75,10.36,broken clouds
207,Kodiak,US,2022-09-06 04:47:29,57.79,-152.4072,56.71,82,100,3.44,overcast clouds
208,Pemangkat,ID,2022-09-06 04:47:29,1.1667,108.9667,86.61,62,100,7.38,heavy intensity rain
209,Hokitika,NZ,2022-09-06 04:47:29,-42.7167,170.9667,44.78,58,0,1.54,clear sky
210,Ayr,GB,2022-09-06 04:47:29,55.4627,-4.6339,59.31,88,0,2.3,clear sky
211,Kizema,RU,2022-09-06 04:47:30,61.113,44.8302,44.04,97,100,3.44,overcast clouds
212,Kirakira,SB,2022-09-06 04:47:30,-10.4544,161.9205,83.86,73,14,10.02,few clouds
213,Nizwa,OM,2022-09-06 04:47:30,22.9333,57.5333,87.53,41,4,3.0,clear sky
214,Clyde River,CA,2022-09-06 04:47:31,70.4692,-68.5914,37.63,100,100,6.91,overcast clouds
215,North Bend,US,2022-09-06 04:47:31,43.4065,-124.2243,61.86,92,0,13.8,clear sky
216,Coahuayana,MX,2022-09-06 04:47:31,18.7333,-103.6833,74.73,96,100,4.23,overcast clouds
217,Lusambo,CD,2022-09-06 04:47:32,-4.9667,23.45,70.05,88,5,2.21,clear sky
218,Manta,EC,2022-09-06 04:47:32,-0.95,-80.7333,71.38,88,0,5.75,clear sky
219,Tocopilla,CL,2022-09-06 04:47:32,-22.092,-70.1979,60.57,64,19,5.5,few clouds
220,Kaeo,NZ,2022-09-06 04:47:32,-35.1,173.7833,58.32,45,25,5.95,scattered clouds
221,Tungor,RU,2022-09-06 04:47:33,53.3808,142.9564,59.13,84,99,12.55,overcast clouds
222,Tasiilaq,GL,2022-09-06 04:47:33,65.6145,-37.6368,39.36,93,96,6.51,overcast clouds
223,Castro,BR,2022-09-06 04:47:33,-24.7911,-50.0119,49.26,97,82,6.13,light rain
224,Sorland,NO,2022-09-06 04:47:34,67.667,12.6934,49.86,78,100,13.56,overcast clouds
225,Praia,CV,2022-09-06 04:47:34,14.9215,-23.5087,77.54,94,75,4.61,broken clouds
226,Vanimo,PG,2022-09-06 04:47:34,-2.6741,141.3028,85.87,65,81,9.62,broken clouds
227,Pangody,RU,2022-09-06 04:47:35,65.85,74.4859,41.05,91,100,10.07,light rain
228,Talara,PE,2022-09-06 04:47:35,-4.5772,-81.2719,63.27,88,62,13.62,broken clouds
229,Lavumisa,SZ,2022-09-06 04:47:35,-27.31,31.892,64.6,72,100,7.18,overcast clouds
230,Faanui,PF,2022-09-06 04:47:36,-16.4833,-151.75,78.4,75,13,17.78,few clouds
231,Harper,LR,2022-09-06 04:48:36,4.375,-7.7169,74.68,92,96,6.53,light rain
232,Bambanglipuro,ID,2022-09-06 04:48:36,-7.95,110.2833,82.53,72,60,15.08,broken clouds
233,Scarborough,GB,2022-09-06 04:45:29,54.2797,-0.4044,60.33,90,80,1.99,broken clouds
234,Mandi Bahauddin,PK,2022-09-06 04:44:11,32.5834,73.4843,85.51,54,29,6.24,scattered clouds
235,Emba,KZ,2022-09-06 04:48:37,48.8264,58.1442,55.42,58,81,13.04,broken clouds
236,Severo-Kurilsk,RU,2022-09-06 04:48:37,50.6789,156.125,55.81,88,94,7.99,overcast clouds
237,Pacific Grove,US,2022-09-06 04:46:31,36.6177,-121.9166,71.82,82,0,5.01,clear sky
238,Sao Luiz Gonzaga,BR,2022-09-06 04:48:37,-28.4083,-54.9608,57.52,97,100,2.89,overcast clouds
239,Kapurthala,IN,2022-09-06 04:48:38,31.3794,75.3847,86.32,63,86,4.34,overcast clouds
240,Platteville,US,2022-09-06 04:48:38,42.7342,-90.4785,68.23,100,0,8.05,clear sky
241,Vao,NC,2022-09-06 04:48:38,-22.6667,167.4833,67.51,60,100,8.68,light rain
242,Port Hawkesbury,CA,2022-09-06 04:46:20,45.6169,-61.3485,62.19,92,75,3.44,broken clouds
243,Pronsk,RU,2022-09-06 04:48:38,54.1048,39.6092,46.22,85,93,11.63,overcast clouds
244,Karratha,AU,2022-09-06 04:48:39,-20.7377,116.8463,78.55,29,0,11.14,clear sky
245,Kulhudhuffushi,MV,2022-09-06 04:48:39,6.6221,73.07,80.11,79,100,18.75,light rain
246,Rabaul,PG,2022-09-06 04:48:39,-4.1967,152.1721,86.49,63,85,11.41,overcast clouds
247,Bengkulu,ID,2022-09-06 04:48:40,-3.8004,102.2655,83.41,69,94,5.23,overcast clouds
248,Hasaki,JP,2022-09-06 04:48:40,35.7333,140.8333,95.29,78,80,17.05,broken clouds
249,Viedma,AR,2022-09-06 04:48:40,-40.8135,-62.9967,65.98,17,78,22.08,broken clouds
250,Saint-Louis,SN,2022-09-06 04:48:40,16.3333,-15.0,82.35,78,76,13.38,broken clouds
251,Pingliang,CN,2022-09-06 04:48:41,35.5392,106.6861,81.25,15,0,6.24,clear sky
252,Whitianga,NZ,2022-09-06 04:48:41,-36.8333,175.7,51.87,47,40,2.75,scattered clouds
253,Cabo San Lucas,MX,2022-09-06 04:46:47,22.8909,-109.9124,85.6,87,100,6.02,overcast clouds
254,Kumukh,RU,2022-09-06 04:48:41,42.1704,47.1161,50.04,96,98,2.82,light rain
255,Gabu,GW,2022-09-06 04:48:42,12.2833,-14.2167,72.82,99,65,4.23,light rain
256,Beyneu,KZ,2022-09-06 04:48:42,45.3167,55.2,60.06,45,91,19.42,overcast clouds
257,Guerrero Negro,MX,2022-09-06 04:48:42,27.9769,-114.0611,75.33,88,11,14.36,few clouds
258,Kondoa,TZ,2022-09-06 04:48:43,-4.9,35.7833,60.33,80,5,5.68,clear sky
259,La Ronge,CA,2022-09-06 04:48:43,55.1001,-105.2842,57.45,77,40,10.36,smoke
260,Yar-Sale,RU,2022-09-06 04:48:43,66.8333,70.8333,41.38,93,100,3.44,light rain
261,Tilichiki,RU,2022-09-06 04:48:44,60.4667,166.1,50.22,48,60,14.34,broken clouds
262,Hovd,MN,2022-09-06 04:48:44,48.0056,91.6419,74.8,19,5,4.72,clear sky
263,Zaysan,KZ,2022-09-06 04:48:44,47.4667,84.8667,86.83,13,0,6.13,clear sky
264,Bontang,ID,2022-09-06 04:48:44,0.1333,117.5,76.01,88,100,8.1,overcast clouds
265,Wau,SS,2022-09-06 04:48:45,7.7029,27.9953,71.02,95,31,3.18,scattered clouds
266,Avera,US,2022-09-06 04:48:45,33.194,-82.5271,74.71,88,99,4.16,overcast clouds
267,Puerto Ayora,EC,2022-09-06 04:48:45,-0.7393,-90.3518,67.55,98,93,1.99,overcast clouds
268,Takoradi,GH,2022-09-06 04:48:46,4.8845,-1.7554,74.08,92,82,4.05,broken clouds
269,Gambela,ET,2022-09-06 04:48:46,8.25,34.5833,71.04,91,79,2.17,broken clouds
270,Alice Springs,AU,2022-09-06 04:48:46,-23.7,133.8833,81.95,23,75,14.97,broken clouds
271,Oksfjord,NO,2022-09-06 04:48:47,70.2396,22.3479,46.47,94,100,6.87,overcast clouds
272,Mithi,PK,2022-09-06 04:48:47,24.7318,69.7981,86.34,55,4,12.12,clear sky
273,Ulladulla,AU,2022-09-06 04:48:47,-35.35,150.4667,58.77,68,98,6.89,overcast clouds
274,Limbang,MY,2022-09-06 04:48:47,4.75,115.0,78.91,92,100,1.7,overcast clouds
275,Ullapool,GB,2022-09-06 04:48:48,57.8987,-5.1604,62.35,95,96,6.29,overcast clouds
276,Necochea,AR,2022-09-06 04:48:48,-38.5473,-58.7368,54.12,47,0,13.49,clear sky
277,Hami,CN,2022-09-06 04:48:48,42.8,93.45,90.23,9,0,4.7,clear sky
278,Isangel,VU,2022-09-06 04:48:49,-19.55,169.2667,71.64,88,100,12.03,heavy intensity rain
279,Gornopravdinsk,RU,2022-09-06 04:49:49,60.05,69.9,51.3,61,45,2.62,scattered clouds
280,Acarau,BR,2022-09-06 04:49:14,-2.8856,-40.12,78.21,83,18,18.1,few clouds
281,Desbiens,CA,2022-09-06 04:49:49,48.4178,-71.9495,49.96,73,0,4.34,clear sky
282,Sisimiut,GL,2022-09-06 04:49:50,66.9395,-53.6735,40.48,86,100,16.55,overcast clouds
283,Paamiut,GL,2022-09-06 04:49:50,61.994,-49.6678,39.52,93,100,9.84,overcast clouds
284,Aksu,CN,2022-09-06 04:49:50,41.1231,80.2644,83.84,15,4,2.77,clear sky
285,College,US,2022-09-06 04:49:16,64.8569,-147.8028,57.15,69,75,0.0,broken clouds
286,Coos Bay,US,2022-09-06 04:46:55,43.3665,-124.2179,61.93,92,0,13.8,clear sky
287,Zhangzhou,CN,2022-09-06 04:49:51,24.5133,117.6556,93.13,70,95,10.38,overcast clouds
288,Tayshet,RU,2022-09-06 04:49:51,55.9342,98.0044,60.78,58,99,6.96,overcast clouds
289,Panaba,MX,2022-09-06 04:49:51,21.2833,-88.2667,75.13,90,10,6.64,clear sky
290,South Sioux City,US,2022-09-06 04:49:51,42.4739,-96.4136,70.2,73,0,6.91,clear sky
291,Bonthe,SL,2022-09-06 04:49:52,7.5264,-12.505,75.07,93,100,4.29,moderate rain
292,Halifax,CA,2022-09-06 04:49:52,44.6453,-63.5724,61.45,81,100,6.91,light rain
293,Redlands,US,2022-09-06 04:49:52,34.0556,-117.1825,92.5,40,0,1.99,clear sky
294,Sibolga,ID,2022-09-06 04:49:53,1.7427,98.7792,85.91,61,94,5.41,overcast clouds
295,Matina,CR,2022-09-06 04:49:53,10.0761,-83.2895,76.5,89,100,1.61,overcast clouds
296,Qiongshan,CN,2022-09-06 04:49:53,20.0058,110.3542,89.58,55,0,8.95,clear sky
297,Oranjestad,AW,2022-09-06 04:49:53,12.524,-70.027,84.15,84,20,9.22,few clouds
298,Daru,PG,2022-09-06 04:49:54,-9.0763,143.2092,80.49,81,74,14.76,broken clouds
299,Nelson Bay,AU,2022-09-06 04:49:54,-32.7167,152.15,62.65,77,74,5.01,light rain
300,Chokurdakh,RU,2022-09-06 04:49:54,70.6333,147.9167,54.18,40,65,7.45,broken clouds
301,Chara,RU,2022-09-06 04:49:55,56.9064,118.2631,52.14,79,100,2.68,light rain
302,Beringovskiy,RU,2022-09-06 04:49:55,63.05,179.3167,38.48,92,100,9.91,light rain
303,Mahanoro,MG,2022-09-06 04:49:55,-19.9,48.8,67.66,86,33,2.8,light rain
304,Batsfjord,NO,2022-09-06 04:49:56,70.6345,29.7185,44.53,75,100,18.41,overcast clouds
305,Masindi,UG,2022-09-06 04:49:56,1.6744,31.715,65.61,93,44,1.9,scattered clouds
306,Hofn,IS,2022-09-06 04:49:56,64.2539,-15.2082,51.89,82,11,9.57,few clouds
307,Beloha,MG,2022-09-06 04:49:56,-25.1667,45.05,72.91,46,0,5.3,clear sky
308,Waipawa,NZ,2022-09-06 04:49:57,-41.4122,175.5153,41.65,63,84,6.78,broken clouds
309,Petropavlovsk-Kamchatskiy,RU,2022-09-06 04:46:19,53.0452,158.6483,70.39,56,75,8.95,broken clouds
310,Plettenberg Bay,ZA,2022-09-06 04:49:57,-34.0527,23.3716,51.73,66,32,7.99,scattered clouds
311,Salym,RU,2022-09-06 04:49:57,60.0625,71.4789,50.34,67,56,2.73,broken clouds
312,Padang,ID,2022-09-06 04:49:58,-0.9492,100.3543,86.05,68,53,5.97,broken clouds
313,Tazovskiy,RU,2022-09-06 04:49:58,67.4667,78.7,38.21,77,86,16.26,overcast clouds
314,Adrar,MR,2022-09-06 04:49:58,20.5022,-10.0711,90.61,28,77,8.84,broken clouds
315,Raver,IN,2022-09-06 04:49:59,21.25,76.0333,85.44,66,62,3.44,broken clouds
316,Caravelas,BR,2022-09-06 04:49:59,-17.7125,-39.2481,69.1,80,100,10.94,overcast clouds
317,Kaspiysk,RU,2022-09-06 04:49:59,42.8816,47.6392,59.23,82,40,8.99,scattered clouds
318,Gainesville,US,2022-09-06 04:46:18,29.6516,-82.3248,80.1,87,20,4.61,few clouds
319,Umm Lajj,SA,2022-09-06 04:50:00,25.0213,37.2685,85.82,71,0,5.68,clear sky
320,Husavik,IS,2022-09-06 04:50:00,66.0449,-17.3389,50.29,85,100,1.12,overcast clouds
321,Anshun,CN,2022-09-06 04:50:00,26.25,105.9333,77.59,41,17,6.87,few clouds
322,Marienburg,PL,2022-09-06 04:48:01,54.0359,19.0266,48.87,72,52,4.94,broken clouds
323,Eyl,SO,2022-09-06 04:51:03,7.9803,49.8164,80.51,59,4,27.11,clear sky
324,Klaksvik,FO,2022-09-06 04:51:04,62.2266,-6.589,56.32,97,96,22.86,overcast clouds
325,Keta,GH,2022-09-06 04:51:05,5.9179,0.9879,75.42,88,22,7.31,few clouds
326,Manjacaze,MZ,2022-09-06 04:51:07,-24.7117,33.8828,69.55,85,65,11.7,broken clouds
327,Aasiaat,GL,2022-09-06 04:51:09,68.7098,-52.8699,36.73,94,100,5.35,light rain
328,Antalaha,MG,2022-09-06 04:51:10,-14.9003,50.2788,71.19,87,58,10.04,light rain
329,Axim,GH,2022-09-06 04:51:12,4.8699,-2.2405,74.48,91,92,4.34,overcast clouds
330,Lukulu,ZM,2022-09-06 04:51:14,-14.3707,23.242,63.37,29,0,4.21,clear sky
331,Gizo,SB,2022-09-06 04:51:17,-8.103,156.8419,83.73,73,20,8.12,light rain
332,Meadow Lake,US,2022-09-06 04:51:18,34.8014,-106.5436,78.28,45,74,8.72,broken clouds
333,Palauig,PH,2022-09-06 04:51:20,15.435,119.9045,84.45,78,100,8.86,light rain
334,Ulmeni,RO,2022-09-06 04:51:21,47.4667,23.3,54.14,74,51,2.62,broken clouds
335,Morogoro,TZ,2022-09-06 04:51:23,-6.8167,37.6667,69.15,73,19,1.28,few clouds
336,Kavieng,PG,2022-09-06 04:51:26,-2.5744,150.7967,85.32,62,82,7.34,broken clouds
337,Waraseoni,IN,2022-09-06 04:51:27,21.75,80.0333,85.06,73,14,3.67,few clouds
338,Smolenka,RU,2022-09-06 04:51:30,52.1352,113.4974,68.07,32,96,2.24,overcast clouds
339,Yumen,CN,2022-09-06 04:51:31,40.2833,97.2,83.25,9,0,19.91,clear sky
340,Dunedin,NZ,2022-09-06 04:51:33,-45.8742,170.5036,46.8,67,82,8.99,broken clouds
341,Prince Rupert,CA,2022-09-06 04:51:34,54.3161,-130.3201,55.49,85,40,17.27,scattered clouds
342,Hamina,FI,2022-09-06 04:51:36,60.5697,27.1979,43.88,74,71,9.55,broken clouds
343,Sao Joao Da Barra,BR,2022-09-06 04:51:37,-21.6403,-41.0511,66.9,66,100,7.4,overcast clouds
344,Cairns,AU,2022-09-06 04:48:23,-16.9167,145.7667,85.06,66,100,12.66,overcast clouds
345,Meiganga,CM,2022-09-06 04:51:41,6.5167,14.3,63.68,98,94,1.66,overcast clouds
346,Gimli,CA,2022-09-06 04:51:43,50.6336,-96.9907,69.82,73,37,23.02,scattered clouds
347,Lavrentiya,RU,2022-09-06 04:51:45,65.5833,-171.0,43.48,96,100,4.7,overcast clouds
348,Skegness,GB,2022-09-06 04:51:48,53.1436,0.3363,59.07,90,90,8.99,overcast clouds
349,Gonen,TR,2022-09-06 04:51:50,40.1049,27.654,70.02,46,28,17.05,scattered clouds
350,Kostomuksha,RU,2022-09-06 04:51:53,64.571,30.5767,42.8,93,100,6.87,light rain
351,High Level,CA,2022-09-06 04:50:07,58.5169,-117.136,51.91,87,40,4.61,scattered clouds
352,Ramsar,IR,2022-09-06 04:51:58,36.9226,50.6426,80.04,78,75,13.8,broken clouds
353,Bam,IR,2022-09-06 04:52:00,29.106,58.357,89.56,8,0,13.13,clear sky
354,Katobu,ID,2022-09-06 04:52:02,-4.9408,122.5276,82.65,64,100,5.82,overcast clouds
355,Acara,BR,2022-09-06 04:52:03,-1.9608,-48.1967,71.44,98,30,3.02,scattered clouds
356,Havre-Saint-Pierre,CA,2022-09-06 04:52:06,50.2334,-63.5986,51.8,93,0,3.44,clear sky
357,Kahului,US,2022-09-06 04:52:06,20.8947,-156.47,82.42,78,40,12.66,scattered clouds
358,Khabary,RU,2022-09-06 04:52:06,53.6259,79.5345,75.97,24,97,9.17,overcast clouds
359,Grindavik,IS,2022-09-06 04:52:07,63.8424,-22.4338,46.87,100,20,4.61,fog
360,Luderitz,NA,2022-09-06 04:52:07,-26.6481,15.1594,55.56,53,0,12.1,clear sky
361,Nome,US,2022-09-06 04:52:07,64.5011,-165.4064,50.07,87,100,11.5,overcast clouds
362,Louis Trichardt,ZA,2022-09-06 04:52:08,-23.0439,29.9032,57.99,82,33,11.03,scattered clouds
363,Santa Maria Da Vitoria,BR,2022-09-06 04:52:08,-13.3947,-44.1886,71.33,55,7,7.61,clear sky
364,Quesnel,CA,2022-09-06 04:52:08,52.9999,-122.5029,50.5,87,75,0.0,broken clouds
365,Hobyo,SO,2022-09-06 04:52:09,5.3505,48.5268,78.37,73,10,24.2,clear sky
366,Palmer,US,2022-09-06 04:52:09,42.1584,-72.3287,65.57,84,100,4.61,moderate rain
367,Laguna,US,2022-09-06 04:52:09,38.421,-121.4238,97.63,29,0,6.91,clear sky
368,Sydney Mines,CA,2022-09-06 04:52:09,46.2367,-60.2177,63.18,86,75,11.5,broken clouds
369,Ixtapa,MX,2022-09-06 04:53:10,20.7,-105.2,80.22,88,100,4.9,overcast clouds
370,Namibe,AO,2022-09-06 04:53:11,-15.1961,12.1522,60.33,91,34,1.59,scattered clouds
371,Moerai,PF,2022-09-06 04:53:11,-22.4333,-151.3333,73.83,81,9,18.77,light rain
372,Mitsamiouli,KM,2022-09-06 04:53:11,-11.3847,43.2844,68.29,77,20,5.75,few clouds
373,Alta Floresta,BR,2022-09-06 04:53:12,-9.8756,-56.0861,76.75,37,62,1.9,broken clouds
374,Lagoa,PT,2022-09-06 04:53:12,39.05,-27.9833,72.9,85,99,9.22,overcast clouds
375,Cockburn Town,TC,2022-09-06 04:53:13,21.4612,-71.1419,82.98,74,30,9.24,scattered clouds
376,Aljezur,PT,2022-09-06 04:53:13,37.3191,-8.8033,64.98,97,9,4.16,clear sky
377,Maceio,BR,2022-09-06 04:53:13,-9.6658,-35.7353,72.84,94,75,5.75,broken clouds
378,Faya,SA,2022-09-06 04:53:14,18.3851,42.4509,66.31,39,1,3.78,clear sky
379,Nizhniy Baskunchak,RU,2022-09-06 04:53:14,48.2198,46.8311,60.73,36,47,6.58,scattered clouds
380,Dobson,US,2022-09-06 04:53:14,36.3957,-80.7226,72.39,100,100,3.44,mist
381,Stornoway,GB,2022-09-06 04:53:15,58.2093,-6.3865,57.16,93,93,3.44,overcast clouds
382,Magnitogorsk,RU,2022-09-06 04:53:15,53.4186,59.0472,49.03,71,100,13.42,overcast clouds
383,Lubango,AO,2022-09-06 04:53:15,-14.9172,13.4925,59.16,33,4,6.55,clear sky
384,Kidal,ML,2022-09-06 04:53:15,18.4411,1.4078,88.23,30,2,6.11,clear sky
385,Ismailia,EG,2022-09-06 04:53:16,30.6043,32.2723,74.8,81,0,7.2,clear sky
386,Kang,BW,2022-09-06 04:53:16,-23.6752,22.7876,51.49,33,67,9.17,broken clouds
387,Chabahar,IR,2022-09-06 04:53:16,25.2919,60.643,82.89,76,9,11.16,clear sky
388,Ongandjera,NA,2022-09-06 04:53:17,-17.8833,15.0667,61.41,18,2,9.26,clear sky
389,Shakawe,BW,2022-09-06 04:53:17,-18.3667,21.85,60.78,26,0,6.89,clear sky
390,Cidreira,BR,2022-09-06 04:53:18,-30.1811,-50.2056,60.44,84,97,18.05,overcast clouds
391,Emerald,AU,2022-09-06 04:53:18,-23.5333,148.1667,74.34,43,58,10.4,broken clouds
392,Kazachinskoye,RU,2022-09-06 04:53:18,57.6953,93.2761,46.96,97,100,5.79,moderate rain
393,Saint-Georges,GD,2022-09-06 04:53:19,12.0564,-61.7485,81.19,79,92,8.55,overcast clouds
394,Eureka,US,2022-09-06 04:53:19,40.8021,-124.1637,68.67,92,10,1.52,clear sky
395,Alghero,IT,2022-09-06 04:53:19,40.5589,8.3181,73.49,94,20,1.14,few clouds
396,Taksimo,RU,2022-09-06 04:53:20,56.3444,114.8794,60.53,50,96,3.85,light rain
397,Coihaique,CL,2022-09-06 04:53:20,-45.5752,-72.0662,41.61,93,100,2.3,moderate rain
398,Sao Felix Do Xingu,BR,2022-09-06 04:53:21,-6.6447,-51.995,77.45,48,75,0.49,broken clouds
399,Saint Anthony,US,2022-09-06 04:53:21,45.0205,-93.218,66.13,73,0,4.61,clear sky
400,Svetlogorsk,BY,2022-09-06 04:53:21,52.6333,29.7333,47.35,71,100,6.58,overcast clouds
401,Nicoya,CR,2022-09-06 04:53:22,10.1483,-85.452,74.26,91,99,0.98,overcast clouds
402,Marathon,US,2022-09-06 04:53:22,44.9,-89.7668,56.73,91,0,5.75,clear sky
403,Kosiv,UA,2022-09-06 04:53:23,48.3107,25.0958,51.94,72,57,0.67,broken clouds
404,San Andres,CO,2022-09-06 04:53:23,12.5847,-81.7006,77.02,100,40,3.44,scattered clouds
405,Hirado,JP,2022-09-06 04:53:23,33.3597,129.5531,76.78,77,100,22.7,overcast clouds
406,Matane,CA,2022-09-06 04:53:24,48.8286,-67.522,47.16,77,8,3.36,clear sky
407,Rodeo,US,2022-09-06 04:53:24,38.033,-122.2669,96.3,31,3,3.0,clear sky
408,Oron,NG,2022-09-06 04:53:24,4.8256,8.2343,74.19,92,98,2.19,overcast clouds
409,Sarangani,PH,2022-09-06 04:53:25,5.4033,125.4636,83.37,69,99,10.42,overcast clouds
410,Santa Isabel,BR,2022-09-06 04:53:25,-23.3156,-46.2214,58.3,92,100,5.37,overcast clouds
411,Martapura,ID,2022-09-06 04:53:25,-3.4167,114.85,86.09,62,40,4.61,scattered clouds
412,Carutapera,BR,2022-09-06 04:53:26,-1.195,-46.02,77.29,87,71,8.57,broken clouds
413,Berlevag,NO,2022-09-06 04:53:26,70.8578,29.0864,44.6,70,100,16.11,overcast clouds
414,Wanxian,CN,2022-09-06 04:53:27,30.8039,108.3897,91.06,49,18,2.15,few clouds
415,Udachnyy,RU,2022-09-06 04:53:27,66.4167,112.4,41.45,93,100,6.44,overcast clouds
416,Sioux Lookout,CA,2022-09-06 04:53:28,50.1001,-91.917,60.87,77,20,6.91,few clouds
417,Nara,JP,2022-09-06 04:54:28,34.6851,135.8049,94.37,33,97,12.41,overcast clouds
418,Alofi,NU,2022-09-06 04:50:46,-19.0595,-169.9187,80.49,69,7,10.36,clear sky
419,Saint-Joseph,RE,2022-09-06 04:54:29,-21.3667,55.6167,71.98,66,19,12.95,few clouds
420,Russell,US,2022-09-06 04:54:29,32.3502,-85.1999,74.48,94,0,3.44,mist
421,Bajil,YE,2022-09-06 04:54:29,15.0584,43.2851,89.62,59,47,6.82,scattered clouds
422,Mount Isa,AU,2022-09-06 04:53:44,-20.7333,139.5,83.97,13,3,6.91,clear sky
423,Shimoda,JP,2022-09-06 04:54:30,34.6667,138.95,88.11,73,69,8.1,broken clouds
424,Sao Miguel Do Araguaia,BR,2022-09-06 04:54:30,-13.275,-50.1628,77.85,30,15,5.86,few clouds
425,Vaitape,PF,2022-09-06 04:54:31,-16.5167,-151.75,78.37,75,12,17.76,few clouds
426,Changde,CN,2022-09-06 04:54:31,29.0464,111.6783,97.14,21,38,6.87,scattered clouds
427,Leh,IN,2022-09-06 04:54:32,34.1667,77.5833,56.08,62,98,2.59,overcast clouds
428,Kingman,US,2022-09-06 04:54:32,35.1894,-114.053,90.88,27,0,4.0,clear sky
429,Geraldton,AU,2022-09-06 04:54:32,-28.7667,114.6,66.61,63,75,17.27,broken clouds
430,Kuusamo,FI,2022-09-06 04:54:33,65.9667,29.1833,44.64,81,40,6.91,scattered clouds
431,Itarema,BR,2022-09-06 04:54:34,-2.9248,-39.9167,77.97,82,15,17.25,few clouds
432,Nurota,UZ,2022-09-06 04:54:35,40.5614,65.6886,92.79,9,0,12.8,clear sky
433,Puerto Carreno,CO,2022-09-06 04:54:36,6.189,-67.4859,73.62,93,63,4.45,broken clouds
434,Nakusp,CA,2022-09-06 04:54:36,50.2499,-117.8023,61.14,44,28,3.44,scattered clouds
435,Komsomolskiy,UZ,2022-09-06 04:54:36,40.4272,71.7189,83.12,30,0,6.91,clear sky
436,Labangan,PH,2022-09-06 04:54:37,7.8654,123.5123,84.52,68,99,5.77,overcast clouds
437,Safaga,EG,2022-09-06 04:54:37,26.7292,33.9365,85.26,45,0,10.69,clear sky
438,Visnes,NO,2022-09-06 04:54:37,59.3556,5.2242,61.83,51,0,10.36,clear sky
439,Smederevska Palanka,RS,2022-09-06 04:54:37,44.3655,20.9589,58.28,82,0,3.4,clear sky
440,Romitan,UZ,2022-09-06 04:54:38,39.9343,64.3814,78.75,41,0,4.61,clear sky
441,Gladstone,AU,2022-09-06 04:54:38,-23.85,151.25,73.33,38,40,17.27,scattered clouds
442,Teya,RU,2022-09-06 04:54:39,60.3778,92.6267,46.13,86,100,8.41,overcast clouds
443,Belaya Gora,RU,2022-09-06 04:54:39,68.5333,146.4167,61.07,29,48,10.02,scattered clouds
444,Cacequi,BR,2022-09-06 04:54:39,-29.8836,-54.825,53.76,90,80,8.55,broken clouds
445,Tournon-Sur-Rhone,FR,2022-09-06 04:54:40,45.0667,4.8333,69.85,90,36,2.71,scattered clouds
446,Moose Factory,CA,2022-09-06 04:54:40,51.2585,-80.6094,59.0,72,75,6.91,broken clouds
447,Kruisfontein,ZA,2022-09-06 04:54:40,-34.0033,24.7314,51.89,65,49,11.7,scattered clouds
448,Andenes,NO,2022-09-06 04:54:41,69.3143,16.1194,46.92,93,75,11.5,light intensity drizzle
449,Lerwick,GB,2022-09-06 04:54:41,60.1545,-1.1494,59.0,90,88,20.54,overcast clouds
450,Port Blair,IN,2022-09-06 04:54:41,11.6667,92.75,77.04,94,100,5.75,moderate rain
451,Taonan,CN,2022-09-06 04:54:42,45.3333,122.7833,58.73,51,60,10.4,broken clouds
452,Coquimbo,CL,2022-09-06 04:54:42,-29.9533,-71.3436,53.33,100,100,3.44,overcast clouds
453,Baft,IR,2022-09-06 04:54:43,29.234,56.6057,72.68,36,0,3.09,clear sky
454,Chadiza,ZM,2022-09-06 04:54:43,-14.0678,32.4392,65.19,45,0,2.42,clear sky
455,Marshall,US,2022-09-06 04:54:43,34.3834,-86.3333,73.71,94,0,0.0,clear sky
456,Sola,VU,2022-09-06 04:54:44,-13.8833,167.55,80.51,73,5,13.04,clear sky
457,Weston,US,2022-09-06 04:54:44,26.1004,-80.3998,85.01,79,12,1.99,few clouds
458,Kenai,US,2022-09-06 04:52:07,60.5544,-151.2583,59.09,87,100,5.75,overcast clouds
459,Yerbogachen,RU,2022-09-06 04:54:45,61.2767,108.0108,46.67,73,100,10.0,light rain
460,Malatya,TR,2022-09-06 04:55:45,38.5,38.0,66.25,46,0,6.91,clear sky
461,Sapa,PH,2022-09-06 04:55:45,5.1544,120.3241,80.42,81,95,5.35,overcast clouds
462,Canutama,BR,2022-09-06 04:55:46,-6.5339,-64.3831,75.34,42,73,1.41,broken clouds
463,Anjiang,CN,2022-09-06 04:55:46,27.3194,110.1031,96.62,19,8,5.64,clear sky
464,Saint-Pierre,RE,2022-09-06 04:55:46,-21.3393,55.4781,73.29,63,0,21.85,clear sky
465,Katherine,AU,2022-09-06 04:55:47,-14.4667,132.2667,95.32,10,36,8.05,scattered clouds
466,Bandarbeyla,SO,2022-09-06 04:55:47,9.4942,50.8122,80.89,60,19,30.04,few clouds
467,Talnakh,RU,2022-09-06 04:55:47,69.4865,88.3972,36.21,98,100,8.57,light rain
468,Nueve De Julio,AR,2022-09-06 04:55:47,-35.4444,-60.8831,52.97,49,0,5.01,clear sky
469,Chegdomyn,RU,2022-09-06 04:55:48,51.1167,133.0167,60.31,82,100,3.36,moderate rain
470,Phalaborwa,ZA,2022-09-06 04:55:48,-23.943,31.1411,63.68,70,57,13.27,broken clouds
471,Hongjiang,CN,2022-09-06 04:55:48,27.11,109.9956,95.9,21,9,5.77,clear sky
472,Boguchany,RU,2022-09-06 04:55:49,58.3814,97.4531,52.56,72,96,10.33,light rain
473,Bitung,ID,2022-09-06 04:55:49,1.4451,125.1824,85.05,69,93,6.26,overcast clouds
474,Juneau,US,2022-09-06 04:55:49,58.3019,-134.4197,52.21,99,100,3.11,overcast clouds
475,Kempele,FI,2022-09-06 04:55:50,64.9131,25.5034,48.22,81,0,11.5,clear sky
476,Zhifang,CN,2022-09-06 04:55:50,30.35,114.3167,91.38,29,9,3.4,clear sky
477,Agadez,NE,2022-09-06 04:55:50,19.75,10.25,86.11,21,2,16.22,clear sky
478,Galich,RU,2022-09-06 04:55:50,58.3797,42.3475,43.38,82,100,5.35,overcast clouds
479,Sobolevo,RU,2022-09-06 04:55:51,54.4299,31.8996,41.68,85,38,8.59,scattered clouds
480,Hanyang,CN,2022-09-06 04:55:51,32.1371,105.5126,80.85,53,93,2.98,overcast clouds
481,Labuan,MY,2022-09-06 04:55:51,5.2767,115.2417,77.36,94,40,3.44,scattered clouds
482,Hearst,CA,2022-09-06 04:55:52,49.6835,-83.6665,50.25,62,39,5.48,scattered clouds
483,Grenville,GD,2022-09-06 04:55:52,12.1167,-61.6167,80.65,75,95,10.07,overcast clouds
484,Half Moon Bay,US,2022-09-06 04:55:52,37.4636,-122.4286,89.29,67,0,5.75,clear sky
485,Shu,KZ,2022-09-06 04:55:52,43.5983,73.7614,88.81,12,0,2.98,clear sky
486,Oltu,TR,2022-09-06 04:55:53,40.5498,42.0013,59.86,83,100,4.81,overcast clouds
487,Filiatra,GR,2022-09-06 04:55:53,37.15,21.5833,73.69,52,0,6.44,clear sky
488,Roald,NO,2022-09-06 04:55:53,62.5833,6.1333,55.33,93,0,8.05,clear sky
489,Westport,US,2022-09-06 04:51:03,41.1415,-73.3579,76.08,94,100,10.0,overcast clouds
490,Kushiro,JP,2022-09-06 04:55:54,42.975,144.3747,70.75,88,75,16.11,light rain
491,Aleksandrov Gay,RU,2022-09-06 04:55:54,50.147,48.5704,56.79,39,43,9.01,scattered clouds
492,Boralday,KZ,2022-09-06 04:55:54,43.3578,76.8594,87.66,18,75,2.24,broken clouds
493,Erzin,TR,2022-09-06 04:55:54,36.9559,36.2,78.49,79,29,3.15,scattered clouds
494,Amurrio,ES,2022-09-06 04:55:55,43.05,-3.0,67.14,80,2,6.55,clear sky
495,Myaundzha,RU,2022-09-06 04:55:55,63.0494,147.1858,55.36,34,40,10.25,scattered clouds
496,Rio Gallegos,AR,2022-09-06 04:55:55,-51.6226,-69.2181,35.65,60,0,20.71,clear sky
497,Bonavista,CA,2022-09-06 04:55:56,48.6499,-53.1147,58.5,91,100,12.03,overcast clouds
498,Venado Tuerto,AR,2022-09-06 04:55:56,-33.7456,-61.9688,49.77,58,0,9.15,clear sky
499,Nazare,BR,2022-09-06 04:55:56,-13.035,-39.0144,63.93,97,20,3.29,few clouds
500,Aswan,EG,2022-09-06 04:55:56,24.0934,32.907,85.3,37,0,4.61,clear sky
501,Waingapu,ID,2022-09-06 04:55:57,-9.6567,120.2641,84.76,64,97,13.78,overcast clouds
502,Fare,PF,2022-09-06 04:55:57,-16.7,-151.0167,78.37,76,2,17.56,clear sky
503,Tiznit,MA,2022-09-06 04:55:57,29.5833,-9.5,68.45,62,19,0.47,few clouds
504,Teeli,RU,2022-09-06 04:55:58,51.0333,90.2333,76.1,29,90,3.11,overcast clouds
505,Meulaboh,ID,2022-09-06 04:55:58,4.1363,96.1285,83.73,65,100,2.8,moderate rain
506,Malayal,PH,2022-09-06 04:55:58,7.208,121.942,84.0,74,74,4.05,broken clouds
507,Jaicos,BR,2022-09-06 04:56:58,-7.3592,-41.1378,73.11,54,8,11.97,clear sky
508,Ostersund,SE,2022-09-06 04:52:32,63.1792,14.6357,43.25,100,0,8.05,clear sky
509,San Cristobal,VE,2022-09-06 04:56:59,7.7669,-72.225,73.58,91,95,2.84,overcast clouds
510,Lakota,CI,2022-09-06 04:56:59,5.8528,-5.6883,70.93,99,100,2.21,overcast clouds
511,Nichinan,JP,2022-09-06 04:56:59,31.6,131.3667,85.68,73,100,15.28,overcast clouds
512,Grand-Santi,GF,2022-09-06 04:57:00,4.25,-54.3833,71.73,99,86,2.3,overcast clouds
513,Koslan,RU,2022-09-06 04:57:00,63.4564,48.8989,44.28,91,100,5.32,overcast clouds
514,Garmsar,IR,2022-09-06 04:57:00,35.2182,52.3409,84.15,17,0,6.17,clear sky
515,Manzhouli,CN,2022-09-06 04:57:01,49.6,117.4333,54.3,59,99,5.17,overcast clouds
516,Mongagua,BR,2022-09-06 04:57:01,-24.0931,-46.6208,64.65,91,98,9.42,overcast clouds
517,Nisia Floresta,BR,2022-09-06 04:57:01,-6.0911,-35.2086,75.58,92,57,9.01,broken clouds
518,Mutoko,ZW,2022-09-06 04:57:02,-17.397,32.2268,57.69,48,0,3.24,clear sky
519,Marawi,PH,2022-09-06 04:57:02,7.9986,124.2928,76.69,81,96,1.14,overcast clouds
520,Lahaina,US,2022-09-06 04:56:02,20.8783,-156.6825,79.84,92,12,10.31,few clouds
521,Sakaiminato,JP,2022-09-06 04:57:02,35.55,133.2333,71.58,88,75,47.18,heavy intensity shower rain
522,Mattru,SL,2022-09-06 04:57:03,7.6244,-11.8332,73.18,98,100,1.61,light rain
523,Omaruru,NA,2022-09-06 04:57:03,-21.4333,15.9333,58.19,16,0,4.23,clear sky
524,Sidvokodvo,SZ,2022-09-06 04:57:03,-26.6282,31.4202,62.26,77,73,5.1,broken clouds
525,Guozhen,CN,2022-09-06 04:57:04,34.3659,107.359,88.36,30,95,3.67,overcast clouds
526,Sawai Madhopur,IN,2022-09-06 04:57:04,25.9833,76.3667,87.58,50,0,4.43,clear sky
527,Anloga,GH,2022-09-06 04:57:04,5.7947,0.8973,75.45,88,22,7.83,few clouds
528,Kailua,US,2022-09-06 04:57:04,21.4022,-157.7394,82.02,85,26,16.49,light rain
529,Raga,SS,2022-09-06 04:57:05,8.4596,25.678,69.17,97,44,3.78,scattered clouds
530,Manono,CD,2022-09-06 04:57:05,-7.3,27.4167,76.66,38,5,3.36,clear sky
531,Sacramento,US,2022-09-06 04:55:23,38.4666,-121.3177,96.49,29,0,6.91,clear sky
532,Cascais,PT,2022-09-06 04:57:05,38.6979,-9.4215,70.5,77,35,13.0,scattered clouds
533,El Quetzal,GT,2022-09-06 04:57:06,14.7667,-91.8167,71.76,92,100,4.79,overcast clouds
534,Chacarita,CR,2022-09-06 04:57:06,9.9829,-84.7723,76.06,84,100,2.35,overcast clouds
535,Sulangan,PH,2022-09-06 04:57:06,11.1373,123.7228,82.8,71,98,1.77,overcast clouds
536,Savonlinna,FI,2022-09-06 04:57:07,61.8699,28.88,44.65,87,0,4.61,clear sky
537,Cururupu,BR,2022-09-06 04:57:07,-1.8283,-44.8683,75.49,90,15,4.21,few clouds
538,Tiarei,PF,2022-09-06 04:57:07,-17.5333,-149.3333,80.62,80,8,18.45,clear sky
539,Xining,CN,2022-09-06 04:56:19,36.6167,101.7667,65.08,38,0,3.11,clear sky
540,Pangkalanbuun,ID,2022-09-06 04:57:08,-2.6833,111.6167,90.07,51,86,3.78,overcast clouds
541,Fairbanks,US,2022-09-06 04:57:08,64.8378,-147.7164,55.6,72,17,2.42,few clouds
542,Villazon,BO,2022-09-06 04:57:08,-22.0866,-65.5942,30.72,54,0,4.72,clear sky
543,Biryukove,UA,2022-09-06 04:57:08,47.9563,39.7384,53.42,61,32,9.26,scattered clouds
544,Torrox,ES,2022-09-06 04:57:09,36.7579,-3.9523,75.85,44,54,7.49,broken clouds
545,Luanda,AO,2022-09-06 04:52:35,-8.8368,13.2343,69.8,88,75,3.44,broken clouds
546,Port-Cartier,CA,2022-09-06 04:57:09,50.0334,-66.8654,49.68,60,8,2.93,clear sky
547,Honningsvag,NO,2022-09-06 04:57:09,70.9821,25.9704,44.35,70,75,17.27,broken clouds
548,Novoagansk,RU,2022-09-06 04:57:10,61.9449,76.6625,46.09,70,100,7.23,overcast clouds
549,Santa Catarina De Tepehuanes,MX,2022-09-06 04:57:10,25.35,-105.7333,62.01,93,95,3.69,overcast clouds
550,Vostochnyy,RU,2022-09-06 04:57:10,55.8167,37.8667,46.33,79,93,9.1,overcast clouds
551,Dandong,CN,2022-09-06 04:53:38,40.1292,124.3947,74.37,64,0,13.4,clear sky
552,Dargaville,NZ,2022-09-06 04:57:11,-35.9333,173.8833,51.51,55,1,6.46,clear sky
553,San Jose,US,2022-09-06 04:54:16,37.3394,-121.895,90.72,36,40,3.0,scattered clouds
554,Piacabucu,BR,2022-09-06 04:57:11,-10.4056,-36.4344,71.37,86,20,9.31,few clouds
555,Bani,DO,2022-09-06 04:58:11,18.2833,-70.3333,77.65,83,100,5.3,overcast clouds
556,Kysyl-Syr,RU,2022-09-06 04:58:12,63.8986,122.7617,52.0,76,100,9.69,light rain
557,Sorong,ID,2022-09-06 04:58:12,-0.8833,131.25,82.56,75,18,2.59,few clouds
558,Yanam,IN,2022-09-06 04:58:12,16.7333,82.2167,93.67,54,59,2.44,broken clouds
559,Broome,US,2022-09-06 04:58:13,42.2506,-75.833,68.7,98,100,3.44,moderate rain
560,Camopi,GF,2022-09-06 04:58:13,3.1655,-52.3158,71.89,93,88,3.2,overcast clouds
561,Mayya,RU,2022-09-06 04:58:13,61.7333,130.2811,58.32,59,98,6.53,overcast clouds
562,Leshukonskoye,RU,2022-09-06 04:58:14,64.8989,45.7622,42.19,94,100,6.35,light rain
563,Nantucket,US,2022-09-06 04:58:14,41.2835,-70.0995,69.03,90,100,5.75,overcast clouds
564,Goma,CD,2022-09-06 04:58:14,-1.6792,29.2228,65.3,76,32,3.33,scattered clouds
565,Kloulklubed,PW,2022-09-06 04:58:15,7.0419,134.2556,88.3,70,98,7.74,overcast clouds
566,Kribi,CM,2022-09-06 04:58:15,2.95,9.9167,74.28,92,100,5.12,overcast clouds
567,Muzhi,RU,2022-09-06 04:58:15,65.3667,64.6667,44.74,76,100,12.15,overcast clouds
568,Murree,PK,2022-09-06 04:58:15,33.9073,73.393,64.24,65,1,3.74,clear sky
569,Santiago,CL,2022-09-06 04:57:47,-33.4569,-70.6483,64.54,48,0,2.3,clear sky
570,Camacha,PT,2022-09-06 04:58:16,33.0833,-16.3333,65.62,88,20,6.91,few clouds
571,Qaqortoq,GL,2022-09-06 04:58:16,60.7167,-46.0333,45.32,92,100,7.67,overcast clouds
572,Solton,RU,2022-09-06 04:58:16,52.8429,86.4787,72.66,42,86,4.45,overcast clouds
573,Ende,ID,2022-09-06 04:58:17,-8.8432,121.6623,84.15,69,91,4.7,overcast clouds
574,Shaunavon,CA,2022-09-06 04:58:17,49.6501,-108.4181,65.98,43,9,8.32,clear sky
575,San Carlos De Bariloche,AR,2022-09-06 04:56:08,-41.1456,-71.3082,51.55,25,0,19.57,clear sky
576,Charters Towers,AU,2022-09-06 04:58:17,-20.1,146.2667,74.66,50,82,13.2,broken clouds
577,Cabra,ES,2022-09-06 04:58:18,37.4725,-4.4421,63.66,74,30,0.87,scattered clouds
578,Kyzyl-Suu,KG,2022-09-06 04:58:18,42.3414,78.0056,71.51,34,49,7.49,scattered clouds
579,Krasnoselkup,RU,2022-09-06 04:58:18,65.7,82.4667,42.04,84,100,12.93,overcast clouds
580,Orange Cove,US,2022-09-06 04:58:19,36.6244,-119.3137,96.6,44,0,3.44,clear sky
581,Pangnirtung,CA,2022-09-06 04:58:19,66.1451,-65.7125,36.9,97,100,2.93,overcast clouds
582,Redmond,US,2022-09-06 04:53:37,47.674,-122.1215,64.26,76,5,4.32,clear sky
583,Inta,RU,2022-09-06 04:58:19,66.0317,60.1659,44.73,87,100,11.56,overcast clouds
584,Sabang,ID,2022-09-06 04:58:20,5.8933,95.3214,82.06,76,100,18.81,overcast clouds
585,Namalenga,TZ,2022-09-06 04:58:20,-10.95,39.1,70.52,74,9,2.93,clear sky
586,Vadso,NO,2022-09-06 04:58:20,70.0744,29.7487,43.68,81,40,12.66,scattered clouds
587,Acari,PE,2022-09-06 04:58:21,-15.4311,-74.6158,64.4,64,30,2.62,scattered clouds
588,Lazaro Cardenas,MX,2022-09-06 04:58:21,17.9583,-102.2,79.23,86,100,11.27,overcast clouds
589,Hualmay,PE,2022-09-06 04:58:21,-11.0964,-77.6139,59.67,85,19,6.51,few clouds
590,Portland,US,2022-09-06 04:54:12,45.5234,-122.6762,70.88,50,2,5.01,clear sky
591,Uberaba,BR,2022-09-06 04:56:06,-19.7483,-47.9319,73.98,49,0,9.22,clear sky
592,Tupik,RU,2022-09-06 04:58:22,54.4253,119.9327,54.16,93,100,4.81,light rain
593,Maumere,ID,2022-09-06 04:58:22,-8.6199,122.2111,82.33,70,49,1.72,scattered clouds
594,Teguldet,RU,2022-09-06 04:58:22,57.3064,88.1667,48.0,96,100,4.05,overcast clouds
595,Thoen,TH,2022-09-06 04:58:23,17.6129,99.2161,85.71,79,57,2.37,broken clouds
596,Moissala,TD,2022-09-06 04:58:23,8.3404,17.7663,68.5,98,70,2.59,broken clouds
597,Conde,BR,2022-09-06 04:54:50,-7.2597,-34.9075,71.06,100,75,6.91,broken clouds
598,Miramar,US,2022-09-06 04:58:23,25.9873,-80.2323,85.01,81,0,8.97,clear sky
599,Roebourne,AU,2022-09-06 04:58:24,-20.7833,117.1333,79.5,26,0,8.39,clear sky
600,Ibra,OM,2022-09-06 04:58:24,22.6906,58.5334,84.4,50,4,3.6,clear sky
601,Akonolinga,CM,2022-09-06 04:58:24,3.7667,12.25,66.16,99,100,2.13,overcast clouds
602,Nyazepetrovsk,RU,2022-09-06 04:58:25,56.0531,59.6028,44.51,80,97,2.57,overcast clouds
603,Vestmannaeyjar,IS,2022-09-06 04:58:25,63.4427,-20.2734,52.97,76,95,4.0,overcast clouds
604,Mehamn,NO,2022-09-06 04:59:25,71.0357,27.8492,44.55,76,75,12.66,broken clouds
605,Marsa Matruh,EG,2022-09-06 04:59:25,31.3525,27.2453,77.2,83,40,11.5,scattered clouds
606,Ndende,GA,2022-09-06 04:59:26,-2.4008,11.3581,70.57,91,67,1.7,broken clouds
607,Vredendal,ZA,2022-09-06 04:59:26,-31.6683,18.5012,45.28,83,14,4.54,few clouds
608,Tatarsk,RU,2022-09-06 04:59:26,55.219,75.9828,56.88,67,100,6.67,overcast clouds
609,Mengcheng,CN,2022-09-06 04:59:27,33.2579,116.5655,94.26,28,12,10.92,few clouds
610,Manokwari,ID,2022-09-06 04:59:27,-0.8667,134.0833,84.15,66,14,7.14,few clouds
611,Maragogi,BR,2022-09-06 04:59:27,-9.0122,-35.2225,72.3,90,46,9.37,scattered clouds
612,Hinton,CA,2022-09-06 04:59:28,53.4001,-117.5857,45.81,60,39,2.1,scattered clouds
613,Eenhana,NA,2022-09-06 04:59:28,-17.4667,16.3333,60.48,23,4,5.93,clear sky
614,Supe,PE,2022-09-06 04:59:28,-10.8,-77.7333,59.85,85,37,5.75,scattered clouds
615,Robertsport,LR,2022-09-06 04:59:29,6.7533,-11.3686,76.17,90,100,7.74,moderate rain
616,Pervomayskoye,RU,2022-09-06 04:59:29,43.919,46.7102,56.08,85,100,7.61,light rain
617,Pauini,BR,2022-09-06 04:59:29,-7.7136,-66.9764,72.12,46,9,2.66,clear sky
618,Spartanburg,US,2022-09-06 04:59:29,34.9496,-81.9321,73.15,92,87,4.36,overcast clouds
619,Priiskovyy,RU,2022-09-06 04:59:30,51.9333,116.6333,54.39,94,100,4.0,light rain
620,Kununurra,AU,2022-09-06 04:59:30,-15.7667,128.7333,93.18,26,1,9.22,clear sky
621,Nieuw Amsterdam,SR,2022-09-06 04:59:30,5.8833,-55.0833,80.02,89,97,9.86,overcast clouds
622,Biltine,TD,2022-09-06 04:59:31,14.5333,20.9167,77.47,67,100,4.36,overcast clouds
623,Henties Bay,NA,2022-09-06 04:59:31,-22.116,14.2845,52.03,92,0,5.32,clear sky
624,Dawlatabad,AF,2022-09-06 04:59:31,36.4141,64.9053,91.18,10,0,5.46,clear sky
625,Netarhat,IN,2022-09-06 04:59:32,23.4833,84.2667,79.29,63,96,4.72,overcast clouds
626,Surt,LY,2022-09-06 04:59:32,31.2089,16.5887,79.68,74,0,9.01,clear sky
627,Chihuahua,MX,2022-09-06 04:57:32,28.5,-106.0,68.65,64,3,3.51,clear sky
628,Porto Velho,BR,2022-09-06 04:58:45,-8.7619,-63.9039,73.45,88,0,2.3,clear sky
629,Omsukchan,RU,2022-09-06 04:59:32,62.5333,155.8,52.86,41,35,4.9,scattered clouds
630,Salinopolis,BR,2022-09-06 04:59:33,-0.6136,-47.3561,79.14,83,56,12.68,broken clouds
631,Laval,CA,2022-09-06 04:58:06,45.57,-73.692,60.85,81,75,12.66,broken clouds
632,Vila,PT,2022-09-06 04:59:33,42.0304,-8.1588,52.68,92,54,5.95,broken clouds
633,Irtyshskiy,RU,2022-09-06 04:59:33,58.3333,68.1333,51.33,61,15,4.23,few clouds
634,Gaoua,BF,2022-09-06 04:59:34,10.2992,-3.2508,71.53,97,90,5.86,overcast clouds
635,Gogrial,SS,2022-09-06 04:59:34,8.5332,28.1004,71.26,96,33,2.82,light rain
636,Misratah,LY,2022-09-06 04:59:34,32.3754,15.0925,80.19,73,0,8.63,clear sky
637,Inhambane,MZ,2022-09-06 04:59:35,-23.865,35.3833,67.62,86,2,4.94,clear sky
638,Broken Hill,AU,2022-09-06 04:59:35,-31.95,141.4333,66.83,30,6,8.37,clear sky
639,Tessalit,ML,2022-09-06 04:59:35,20.1986,1.0114,88.68,17,1,9.13,clear sky
640,Kalabo,ZM,2022-09-06 04:59:36,-14.97,22.6814,63.18,31,0,3.85,clear sky
641,Penzance,GB,2022-09-06 04:59:36,50.1186,-5.5371,61.48,84,100,24.36,overcast clouds
642,Mnogovershinnyy,RU,2022-09-06 04:59:36,53.9353,139.9242,52.07,98,100,6.87,overcast clouds
643,Luganville,VU,2022-09-06 04:59:37,-15.5333,167.1667,80.13,80,27,8.32,scattered clouds
644,Tumut,AU,2022-09-06 04:59:37,-35.3,148.2167,58.3,51,100,5.68,overcast clouds
645,Abha,SA,2022-09-06 04:58:47,18.2164,42.5053,66.02,48,0,0.0,clear sky
646,Gillette,US,2022-09-06 04:59:37,44.2911,-105.5022,73.81,27,58,1.99,broken clouds
647,Beira,MZ,2022-09-06 04:59:38,-19.8436,34.8389,69.82,81,2,3.83,clear sky
648,Delta Del Tigre,UY,2022-09-06 04:59:38,-34.7633,-56.3853,53.71,79,0,8.66,clear sky
649,Smidovich,RU,2022-09-06 04:59:38,48.6,133.8167,63.28,85,100,14.79,light rain
650,Jacareacanga,BR,2022-09-06 04:59:38,-6.2222,-57.7528,82.38,40,97,2.35,overcast clouds
651,Chinsali,ZM,2022-09-06 05:00:39,-10.5414,32.0816,62.31,47,0,2.19,clear sky
652,De-Kastri,RU,2022-09-06 05:00:39,51.4667,140.7833,62.28,83,100,7.54,light rain
653,Birao,CF,2022-09-06 05:00:39,10.2849,22.7882,70.03,97,59,3.67,broken clouds
654,Iskateley,RU,2022-09-06 05:00:40,67.6803,53.1512,43.27,95,100,4.0,light rain
655,Namatanai,PG,2022-09-06 05:00:41,-3.6667,152.4333,84.43,67,99,10.94,overcast clouds
656,The Valley,AI,2022-09-06 05:00:41,18.217,-63.0578,83.1,77,88,12.41,overcast clouds
657,Herat,AF,2022-09-06 05:00:42,34.5,62.0,82.89,11,0,9.57,clear sky
658,Nemuro,JP,2022-09-06 05:00:42,43.3236,145.575,67.1,87,48,16.8,scattered clouds
659,Linkoping,SE,2022-09-06 05:00:43,58.4109,15.6216,37.78,96,0,3.44,clear sky
660,Jucurutu,BR,2022-09-06 05:00:43,-6.0339,-37.0203,75.06,71,36,15.17,scattered clouds
661,Hostotipaquillo,MX,2022-09-06 05:00:43,21.0667,-104.0667,70.05,94,100,3.76,overcast clouds
662,Yarega,RU,2022-09-06 05:00:44,63.4354,53.5765,46.27,75,100,6.06,overcast clouds
663,Simpang,ID,2022-09-06 05:00:44,-1.2667,104.0833,84.74,73,100,3.27,overcast clouds
664,Tsaratanana,MG,2022-09-06 05:00:44,-16.7833,47.65,69.8,60,0,14.61,clear sky
665,Annau,TM,2022-09-06 05:00:45,37.8876,58.516,89.11,18,0,6.26,clear sky
666,Omboue,GA,2022-09-06 05:00:45,-1.5746,9.2618,73.54,87,26,5.95,scattered clouds
667,Suntar,RU,2022-09-06 05:00:45,62.1444,117.6319,50.22,74,98,9.28,overcast clouds
668,Segou,ML,2022-09-06 05:00:46,13.4317,-6.2157,78.35,74,33,7.9,scattered clouds
669,Muravlenko,RU,2022-09-06 05:00:46,63.7898,74.523,45.54,72,99,11.92,overcast clouds
670,Rio Claro,BR,2022-09-06 05:00:46,-22.4114,-47.5614,58.21,83,66,7.29,broken clouds
671,Aguada De Pasajeros,CU,2022-09-06 05:00:47,22.385,-80.8508,76.48,89,33,4.76,scattered clouds
672,Balkanabat,TM,2022-09-06 05:00:23,39.5108,54.3671,80.35,50,0,7.09,clear sky
673,Richmond,US,2022-09-06 04:57:17,37.5538,-77.4603,78.15,82,100,1.99,overcast clouds
674,Srednekolymsk,RU,2022-09-06 05:00:47,67.45,153.6833,56.79,37,67,7.85,broken clouds
675,Rock Springs,US,2022-09-06 05:00:48,41.5875,-109.2029,72.84,19,0,7.0,clear sky
676,Chicama,PE,2022-09-06 05:00:48,-7.8447,-79.1469,61.9,83,21,4.68,few clouds
677,Nyurba,RU,2022-09-06 05:00:48,63.2842,118.3319,46.29,87,100,10.74,overcast clouds
678,Krasnyy Yar,RU,2022-09-06 05:00:49,46.5331,48.3456,57.13,31,3,7.47,clear sky
679,Tommot,RU,2022-09-06 05:00:49,58.9564,126.2925,61.79,78,100,1.5,light rain
680,Reyes,BO,2022-09-06 05:00:49,-14.3167,-67.3833,68.65,46,11,2.86,few clouds
681,Asau,RO,2022-09-06 05:00:50,46.4333,26.4,47.32,73,64,1.03,broken clouds
682,Galesong,ID,2022-09-06 05:00:50,-5.3166,119.3661,89.62,64,100,9.57,overcast clouds
683,Taoudenni,ML,2022-09-06 05:00:51,22.6783,-3.9836,93.79,16,2,6.71,clear sky
684,Soure,BR,2022-09-06 05:00:51,-0.7167,-48.5233,79.74,82,56,12.1,broken clouds
685,Mackay,AU,2022-09-06 05:00:31,-21.15,149.2,72.68,64,6,13.53,clear sky
686,Richards Bay,ZA,2022-09-06 05:00:51,-28.783,32.0377,67.32,61,99,7.81,overcast clouds
687,Flinders,AU,2022-09-06 05:00:52,-34.5833,150.8552,62.38,70,87,5.99,overcast clouds
688,Lufilufi,WS,2022-09-06 05:00:52,-13.8745,-171.5986,80.02,73,4,15.84,clear sky
689,Alice Town,BS,2022-09-06 05:00:53,25.7167,-79.3,84.43,72,1,10.51,clear sky
690,Okha,RU,2022-09-06 05:00:53,53.5739,142.9478,57.72,87,99,12.19,overcast clouds
691,Parainen,FI,2022-09-06 05:00:53,60.3067,22.301,51.89,73,20,7.14,few clouds
692,Sattahip,TH,2022-09-06 05:00:54,12.6664,100.9007,86.09,74,75,4.61,broken clouds
693,Pierre,US,2022-09-06 04:57:31,44.3683,-100.351,78.78,28,6,6.02,clear sky
694,Sikasso,ML,2022-09-06 05:00:54,10.9167,-7.0,73.31,93,97,2.46,overcast clouds
695,Bouna,CI,2022-09-06 05:00:54,9.2667,-3.0,70.38,98,52,5.17,broken clouds
696,Port-De-Bouc,FR,2022-09-06 05:01:55,43.4,4.9833,76.59,71,0,4.61,clear sky
697,Yarada,IN,2022-09-06 05:01:55,17.65,83.2667,89.92,66,40,4.61,haze
698,Tual,ID,2022-09-06 05:01:56,-5.6667,132.75,80.49,81,96,13.2,overcast clouds
699,Acapulco,MX,2022-09-06 04:57:47,16.8634,-99.8901,77.34,89,100,6.35,overcast clouds
700,Guiratinga,BR,2022-09-06 05:01:56,-16.3494,-53.7583,75.25,34,82,2.91,broken clouds
701,Oranjemund,NA,2022-09-06 05:01:56,-28.55,16.4333,51.15,67,0,9.44,clear sky
702,Mandalgovi,MN,2022-09-06 05:01:57,45.7625,106.2708,71.02,27,1,12.59,clear sky
703,Teguise,ES,2022-09-06 05:01:57,29.0605,-13.564,68.22,83,0,13.8,clear sky
704,Bukene,TZ,2022-09-06 05:01:58,-4.2333,32.8833,70.97,66,0,2.86,clear sky
705,Mount Gambier,AU,2022-09-06 05:01:58,-37.8333,140.7667,59.56,54,100,6.06,overcast clouds
706,Stettler,CA,2022-09-06 05:01:58,52.3168,-112.7186,54.54,53,74,8.34,broken clouds
707,Tairua,NZ,2022-09-06 05:01:59,-37.0167,175.85,52.2,48,36,3.69,scattered clouds
708,Tenali,IN,2022-09-06 05:01:59,16.2425,80.6398,87.89,61,39,4.45,scattered clouds
